timestamp,temperatura,umidade
,29.3,49.0
,29.7,49.0
,29.4,49.0
,29.0,50.0
,29.7,50.0
,29.4,50.0
,29.3,50.0
,29.8,50.0
,29.7,50.0
,29.0,50.0
2025-06-04T20:36:10.00Z,29.9,53.0
2025-06-04T20:36:11.00Z,29.5,53.0
2025-06-04T20:36:12.00Z,29.9,53.0
2025-06-04T20:36:13.00Z,29.3,53.0
2025-06-04T20:36:14.00Z,29.8,53.0
2025-06-04T20:36:14.00Z,29.3,53.0
2025-06-04T20:36:16.00Z,29.1,53.0
2025-06-04T20:36:17.00Z,29.9,53.0
2025-06-04T20:36:18.00Z,29.8,53.0
2025-06-04T20:36:19.00Z,29.6,53.0
2025-06-04T20:36:20.00Z,29.6,53.0
2025-06-04T20:36:20.00Z,29.3,53.0
2025-06-04T20:36:22.00Z,29.0,53.0
2025-06-04T20:36:23.00Z,29.4,53.0
2025-06-04T20:36:24.00Z,29.1,53.0
2025-06-04T20:36:25.00Z,29.6,53.0
2025-06-04T20:36:26.00Z,29.4,53.0
2025-06-04T20:36:26.00Z,29.4,53.0
2025-06-04T20:36:28.00Z,29.9,53.0
2025-06-04T20:36:29.00Z,29.6,53.0
2025-06-04T20:36:30.00Z,29.9,53.0
2025-06-04T20:36:31.00Z,29.6,53.0
2025-06-04T20:36:32.00Z,29.8,53.0
2025-06-04T20:36:32.00Z,29.8,53.0
2025-06-04T20:36:34.00Z,29.1,53.0
2025-06-04T20:36:35.00Z,29.8,52.0
2025-06-04T20:36:36.00Z,29.1,52.0
2025-06-04T20:36:37.00Z,29.2,52.0
2025-06-04T20:36:38.00Z,29.7,52.0
2025-06-04T20:36:38.00Z,29.2,52.0
2025-06-04T20:36:40.00Z,29.9,52.0
2025-06-04T20:36:41.00Z,29.2,52.0
2025-06-04T20:36:42.00Z,29.6,53.0
2025-06-04T20:36:43.00Z,29.8,52.0
2025-06-04T20:36:44.00Z,29.5,52.0
2025-06-04T20:36:44.00Z,29.1,52.0
2025-06-04T20:36:46.00Z,29.1,52.0
2025-06-04T20:36:47.00Z,29.9,52.0
2025-06-04T20:36:48.00Z,29.8,52.0
2025-06-04T20:36:49.00Z,29.7,52.0
2025-06-04T20:36:50.00Z,29.1,52.0
2025-06-04T20:36:50.00Z,29.3,52.0
2025-06-04T20:36:52.00Z,29.9,52.0
2025-06-04T20:36:53.00Z,29.6,52.0
2025-06-04T20:36:54.00Z,29.5,52.0
2025-06-04T20:36:55.00Z,29.1,52.0
2025-06-04T20:36:56.00Z,29.5,52.0
2025-06-04T20:36:56.00Z,29.6,52.0
2025-06-04T20:36:58.00Z,29.3,52.0
2025-06-04T20:36:59.00Z,29.9,52.0
2025-06-04T20:37:00.00Z,29.5,52.0
2025-06-04T20:37:01.00Z,29.7,52.0
2025-06-04T20:37:02.00Z,29.3,52.0
2025-06-04T20:37:02.00Z,29.0,52.0
2025-06-04T20:37:04.00Z,29.7,52.0
2025-06-04T20:37:05.00Z,29.2,52.0
2025-06-04T20:37:06.00Z,29.3,52.0
2025-06-04T20:37:07.00Z,29.1,52.0
2025-06-04T20:37:08.00Z,29.7,52.0
2025-06-04T20:37:08.00Z,29.8,52.0
2025-06-04T20:37:10.00Z,29.7,52.0
2025-06-04T20:37:11.00Z,29.8,52.0
2025-06-04T20:37:12.00Z,29.1,52.0
2025-06-04T20:37:13.00Z,29.7,52.0
2025-06-04T20:37:14.00Z,29.3,52.0
2025-06-04T20:37:14.00Z,29.5,52.0
2025-06-04T20:37:16.00Z,29.2,52.0
2025-06-04T20:37:17.00Z,29.7,52.0
2025-06-04T20:37:18.00Z,29.3,53.0
2025-06-04T20:37:19.00Z,29.0,53.0
2025-06-04T20:37:20.00Z,29.4,52.0
2025-06-04T20:37:20.00Z,29.2,52.0
2025-06-04T20:37:22.00Z,29.2,52.0
2025-06-04T20:37:23.00Z,29.9,52.0
2025-06-04T20:37:24.00Z,29.7,53.0
2025-06-04T20:37:25.00Z,29.3,53.0
2025-06-04T20:37:26.00Z,29.4,53.0
2025-06-04T20:37:26.00Z,29.9,52.0
2025-06-04T20:37:28.00Z,29.6,52.0
2025-06-04T20:37:29.00Z,29.3,52.0
2025-06-04T20:37:30.00Z,29.0,52.0
2025-06-04T20:37:31.00Z,29.5,52.0
2025-06-04T20:37:32.00Z,29.9,52.0
2025-06-04T20:37:32.00Z,29.9,52.0
2025-06-04T20:37:34.00Z,29.3,52.0
2025-06-04T20:37:35.00Z,29.3,52.0
2025-06-04T20:37:36.00Z,29.5,52.0
2025-06-04T20:37:37.00Z,29.1,52.0
2025-06-04T20:37:38.00Z,29.5,52.0
2025-06-04T20:37:38.00Z,29.6,52.0
2025-06-04T20:37:40.00Z,29.9,52.0
2025-06-04T20:37:41.00Z,29.8,51.0
2025-06-04T20:37:42.00Z,29.1,51.0
2025-06-04T20:37:43.00Z,29.9,51.0
2025-06-04T20:37:44.00Z,29.3,51.0
2025-06-04T20:37:44.00Z,29.7,51.0
2025-06-04T20:37:46.00Z,29.4,51.0
2025-06-04T20:37:47.00Z,29.6,51.0
2025-06-04T20:37:48.00Z,29.7,51.0
2025-06-04T20:37:49.00Z,29.5,51.0
2025-06-04T20:37:50.00Z,29.3,51.0
2025-06-04T20:37:50.00Z,29.8,51.0
2025-06-04T20:37:52.00Z,29.6,51.0
2025-06-04T20:37:53.00Z,29.7,51.0
2025-06-04T20:37:54.00Z,29.9,51.0
2025-06-04T20:37:55.00Z,29.3,51.0
2025-06-04T20:37:56.00Z,29.0,51.0
2025-06-04T20:37:56.00Z,29.9,51.0
2025-06-04T20:37:58.00Z,29.4,51.0
2025-06-04T20:37:59.00Z,29.3,51.0
2025-06-04T20:38:00.00Z,29.0,51.0
2025-06-04T20:38:01.00Z,29.3,51.0
2025-06-04T20:38:02.00Z,29.8,51.0
2025-06-04T20:38:02.00Z,29.9,51.0
2025-06-04T20:38:04.00Z,29.0,51.0
2025-06-04T20:38:05.00Z,29.7,51.0
2025-06-04T20:38:06.00Z,29.9,51.0
2025-06-04T20:38:07.00Z,29.7,51.0
2025-06-04T20:38:08.00Z,29.3,51.0
2025-06-04T20:38:08.00Z,29.8,51.0
2025-06-04T20:38:10.00Z,29.6,51.0
2025-06-04T20:38:11.00Z,29.4,51.0
2025-06-04T20:38:12.00Z,29.6,51.0
2025-06-04T20:38:13.00Z,29.1,51.0
2025-06-04T20:38:14.00Z,29.6,51.0
2025-06-04T20:38:14.00Z,29.1,51.0
2025-06-04T20:38:16.00Z,29.6,51.0
2025-06-04T20:38:17.00Z,29.5,51.0
2025-06-04T20:38:18.00Z,29.4,51.0
2025-06-04T20:38:19.00Z,29.5,51.0
2025-06-04T20:38:20.00Z,29.6,51.0
2025-06-04T20:38:20.00Z,29.9,50.0
2025-06-04T20:38:22.00Z,29.3,50.0
2025-06-04T20:38:23.00Z,29.2,50.0
2025-06-04T20:38:24.00Z,29.9,50.0
2025-06-04T20:38:25.00Z,29.0,50.0
2025-06-04T20:38:26.00Z,29.7,50.0
2025-06-04T20:38:26.00Z,29.9,50.0
2025-06-04T20:38:28.00Z,29.5,50.0
2025-06-04T20:38:29.00Z,29.3,50.0
2025-06-04T20:38:30.00Z,29.5,50.0
2025-06-04T20:38:31.00Z,29.2,50.0
2025-06-04T20:38:32.00Z,29.7,50.0
2025-06-04T20:38:32.00Z,29.2,50.0
2025-06-04T20:38:34.00Z,29.7,50.0
2025-06-04T20:38:35.00Z,29.9,50.0
2025-06-04T20:38:36.00Z,29.4,49.0
2025-06-04T20:38:37.00Z,29.8,50.0
2025-06-04T20:38:38.00Z,29.5,50.0
2025-06-04T20:38:38.00Z,29.5,49.0
2025-06-04T20:38:40.00Z,29.7,49.0
2025-06-04T20:38:41.00Z,29.8,49.0
2025-06-04T20:38:42.00Z,29.7,49.0
2025-06-04T20:38:43.00Z,29.5,49.0
2025-06-04T20:38:44.00Z,29.7,49.0
2025-06-04T20:38:44.00Z,29.5,49.0
2025-06-04T20:38:46.00Z,29.8,49.0
2025-06-04T20:38:47.00Z,29.7,49.0
2025-06-04T20:38:48.00Z,29.8,49.0
2025-06-04T20:38:49.00Z,29.4,49.0
2025-06-04T20:38:50.00Z,29.7,49.0
2025-06-04T20:38:50.00Z,29.1,49.0
2025-06-04T20:38:52.00Z,29.0,49.0
2025-06-04T20:38:53.00Z,29.7,49.0
2025-06-04T20:38:54.00Z,29.7,49.0
2025-06-04T20:38:55.00Z,29.3,49.0
2025-06-04T20:38:56.00Z,29.7,49.0
2025-06-04T20:38:56.00Z,29.1,49.0
2025-06-04T20:38:58.00Z,29.6,49.0
2025-06-04T20:38:59.00Z,29.5,49.0
2025-06-04T20:39:00.00Z,29.8,49.0
2025-06-04T20:39:01.00Z,29.2,49.0
2025-06-04T20:39:02.00Z,29.9,49.0
2025-06-04T20:39:02.00Z,29.7,49.0
2025-06-04T20:39:04.00Z,29.8,49.0
2025-06-04T20:39:05.00Z,29.9,49.0
2025-06-04T20:39:06.00Z,29.8,49.0
2025-06-04T20:39:07.00Z,29.5,49.0
2025-06-04T20:39:08.00Z,29.3,49.0
2025-06-04T20:39:08.00Z,29.8,49.0
2025-06-04T20:39:10.00Z,29.5,49.0
2025-06-04T20:39:11.00Z,29.2,49.0
2025-06-04T20:39:12.00Z,29.6,49.0
2025-06-04T20:39:13.00Z,29.3,49.0
2025-06-04T20:39:14.00Z,29.4,49.0
2025-06-04T20:39:14.00Z,29.4,49.0
2025-06-04T20:39:16.00Z,29.0,49.0
2025-06-04T20:39:17.00Z,29.6,49.0
2025-06-04T20:39:18.00Z,29.4,49.0
2025-06-04T20:39:19.00Z,28.1,49.0
2025-06-04T20:39:20.00Z,28.6,49.0
2025-06-04T20:39:20.00Z,28.6,49.0
2025-06-04T20:39:22.00Z,28.8,49.0
2025-06-04T20:39:23.00Z,28.4,49.0
2025-06-04T20:39:24.00Z,28.3,49.0
2025-06-04T20:39:25.00Z,28.3,49.0
2025-06-04T20:39:26.00Z,28.7,49.0
2025-06-04T20:39:26.00Z,28.1,49.0
2025-06-04T20:39:28.00Z,28.8,49.0
2025-06-04T20:39:29.00Z,28.1,49.0
2025-06-04T20:39:30.00Z,28.0,49.0
2025-06-04T20:39:31.00Z,28.7,49.0
2025-06-04T20:39:32.00Z,28.3,49.0
2025-06-04T20:39:32.00Z,28.9,49.0
2025-06-04T20:39:34.00Z,28.5,49.0
2025-06-04T20:39:35.00Z,28.1,49.0
2025-06-04T20:39:36.00Z,28.8,49.0
2025-06-04T20:39:37.00Z,28.9,49.0
2025-06-04T20:39:38.00Z,28.5,49.0
2025-06-04T20:39:38.00Z,28.0,49.0
2025-06-04T20:39:40.00Z,28.5,49.0
2025-06-04T20:39:41.00Z,28.9,49.0
2025-06-04T20:39:42.00Z,28.6,49.0
2025-06-04T20:39:43.00Z,28.6,49.0
2025-06-04T20:39:44.00Z,28.2,49.0
2025-06-04T20:39:44.00Z,28.1,49.0
2025-06-04T20:39:46.00Z,28.5,49.0
2025-06-04T20:39:47.00Z,28.0,49.0
2025-06-04T20:39:48.00Z,28.6,49.0
2025-06-04T20:39:49.00Z,28.0,49.0
2025-06-04T20:39:50.00Z,28.3,49.0
2025-06-04T20:39:50.00Z,28.7,49.0
2025-06-04T20:39:52.00Z,28.4,49.0
2025-06-04T20:39:53.00Z,28.7,49.0
2025-06-04T20:39:54.00Z,28.1,49.0
2025-06-04T20:39:55.00Z,28.3,49.0
2025-06-04T20:39:56.00Z,28.7,49.0
2025-06-04T20:39:56.00Z,28.9,49.0
2025-06-04T20:39:58.00Z,28.7,49.0
2025-06-04T20:39:59.00Z,28.0,49.0
2025-06-04T20:40:00.00Z,28.0,49.0
2025-06-04T20:40:01.00Z,28.9,49.0
2025-06-04T20:40:02.00Z,28.5,49.0
2025-06-04T20:40:02.00Z,28.5,49.0
2025-06-04T20:40:04.00Z,28.0,49.0
2025-06-04T20:40:05.00Z,28.2,49.0
2025-06-04T20:40:06.00Z,28.6,50.0
2025-06-04T20:40:07.00Z,28.0,50.0
2025-06-04T20:40:08.00Z,28.8,50.0
2025-06-04T20:40:08.00Z,28.9,50.0
2025-06-04T20:40:10.00Z,28.7,50.0
2025-06-04T20:40:11.00Z,28.6,50.0
2025-06-04T20:40:12.00Z,28.7,50.0
2025-06-04T20:40:13.00Z,28.1,50.0
2025-06-04T20:40:14.00Z,28.2,50.0
2025-06-04T20:40:14.00Z,28.1,50.0
2025-06-04T20:40:16.00Z,28.6,50.0
2025-06-04T20:40:17.00Z,28.4,50.0
2025-06-04T20:40:18.00Z,28.9,50.0
2025-06-04T20:40:19.00Z,28.5,50.0
2025-06-04T20:40:20.00Z,28.8,50.0
2025-06-04T20:40:20.00Z,28.7,50.0
2025-06-04T20:40:22.00Z,28.5,50.0
2025-06-04T20:40:23.00Z,28.9,50.0
2025-06-04T20:40:24.00Z,28.7,50.0
2025-06-04T20:40:25.00Z,28.2,50.0
2025-06-04T20:40:26.00Z,28.3,50.0
2025-06-04T20:40:26.00Z,28.3,50.0
2025-06-04T20:40:28.00Z,28.5,50.0
2025-06-04T20:40:29.00Z,28.6,50.0
2025-06-04T20:40:30.00Z,28.2,50.0
2025-06-04T20:40:31.00Z,28.3,50.0
2025-06-04T20:40:32.00Z,28.7,50.0
2025-06-04T20:40:32.00Z,28.5,50.0
2025-06-04T20:40:34.00Z,28.4,50.0
2025-06-04T20:40:35.00Z,28.1,50.0
2025-06-04T20:40:36.00Z,28.7,50.0
2025-06-04T20:40:37.00Z,28.2,50.0
2025-06-04T20:40:38.00Z,28.0,50.0
2025-06-04T20:40:38.00Z,28.7,50.0
2025-06-04T20:40:40.00Z,28.1,50.0
2025-06-04T20:40:41.00Z,28.1,50.0
2025-06-04T20:40:42.00Z,28.5,50.0
2025-06-04T20:40:43.00Z,28.0,50.0
2025-06-04T20:40:44.00Z,28.0,50.0
2025-06-04T20:40:44.00Z,28.2,50.0
2025-06-04T20:40:46.00Z,28.4,51.0
2025-06-04T20:40:47.00Z,28.1,51.0
2025-06-04T20:40:48.00Z,28.3,51.0
2025-06-04T20:40:49.00Z,28.2,51.0
2025-06-04T20:40:50.00Z,28.3,51.0
2025-06-04T20:40:50.00Z,28.0,51.0
2025-06-04T20:40:52.00Z,28.5,51.0
2025-06-04T20:40:53.00Z,28.3,51.0
2025-06-04T20:40:54.00Z,28.4,51.0
2025-06-04T20:40:55.00Z,28.3,51.0
2025-06-04T20:40:56.00Z,28.9,51.0
2025-06-04T20:40:56.00Z,28.9,51.0
2025-06-04T20:40:58.00Z,28.2,51.0
2025-06-04T20:40:59.00Z,28.0,51.0
2025-06-04T20:41:00.00Z,28.8,51.0
2025-06-04T20:41:01.00Z,28.8,51.0
2025-06-04T20:41:02.00Z,28.6,51.0
2025-06-04T20:41:02.00Z,28.0,51.0
2025-06-04T20:41:04.00Z,28.0,51.0
2025-06-04T20:41:05.00Z,28.0,51.0
2025-06-04T20:41:06.00Z,28.4,51.0
2025-06-04T20:41:07.00Z,28.1,51.0
2025-06-04T20:41:08.00Z,28.3,51.0
2025-06-04T20:41:08.00Z,28.0,51.0
2025-06-04T20:41:10.00Z,28.2,51.0
2025-06-04T20:41:11.00Z,28.8,51.0
2025-06-04T20:41:12.00Z,28.1,51.0
2025-06-04T20:41:13.00Z,28.2,51.0
2025-06-04T20:41:14.00Z,28.2,51.0
2025-06-04T20:41:14.00Z,28.2,51.0
2025-06-04T20:41:16.00Z,28.1,51.0
2025-06-04T20:41:17.00Z,28.6,51.0
2025-06-04T20:41:18.00Z,28.4,51.0
2025-06-04T20:41:19.00Z,28.5,51.0
2025-06-04T20:41:20.00Z,28.2,51.0
2025-06-04T20:41:20.00Z,28.2,51.0
2025-06-04T20:41:22.00Z,28.9,51.0
2025-06-04T20:41:23.00Z,28.6,51.0
2025-06-04T20:41:24.00Z,28.0,51.0
2025-06-04T20:41:25.00Z,28.8,51.0
2025-06-04T20:41:26.00Z,28.1,51.0
2025-06-04T20:41:26.00Z,28.7,51.0
2025-06-04T20:41:28.00Z,28.4,51.0
2025-06-04T20:41:29.00Z,28.7,51.0
2025-06-04T20:41:30.00Z,28.5,51.0
2025-06-04T20:41:31.00Z,28.2,51.0
2025-06-04T20:41:32.00Z,28.0,51.0
2025-06-04T20:41:32.00Z,28.1,51.0
2025-06-04T20:41:34.00Z,28.3,51.0
2025-06-04T20:41:35.00Z,28.0,51.0
2025-06-04T20:41:36.00Z,28.7,51.0
2025-06-04T20:41:37.00Z,28.4,51.0
2025-06-04T20:41:38.00Z,28.0,51.0
2025-06-04T20:41:38.00Z,28.7,52.0
2025-06-04T20:41:40.00Z,28.7,52.0
2025-06-04T20:41:41.00Z,28.5,52.0
2025-06-04T20:41:42.00Z,28.0,52.0
2025-06-04T20:41:43.00Z,28.1,52.0
2025-06-04T20:41:44.00Z,28.2,52.0
2025-06-04T20:41:44.00Z,28.3,52.0
2025-06-04T20:41:46.00Z,28.5,52.0
2025-06-04T20:41:47.00Z,28.2,52.0
2025-06-04T20:41:48.00Z,28.5,52.0
2025-06-04T20:41:49.00Z,28.7,52.0
2025-06-04T20:41:50.00Z,28.3,52.0
2025-06-04T20:41:50.00Z,28.0,52.0
2025-06-04T20:41:52.00Z,28.4,52.0
2025-06-04T20:41:53.00Z,28.4,52.0
2025-06-04T20:41:54.00Z,28.1,52.0
2025-06-04T20:41:55.00Z,28.7,52.0
2025-06-04T20:41:56.00Z,28.6,52.0
2025-06-04T20:41:56.00Z,28.9,52.0
2025-06-04T20:41:58.00Z,28.5,52.0
2025-06-04T20:41:59.00Z,28.9,52.0
2025-06-04T20:42:00.00Z,28.5,52.0
2025-06-04T20:42:01.00Z,28.2,52.0
2025-06-04T20:42:02.00Z,28.6,52.0
2025-06-04T20:42:02.00Z,28.0,52.0
2025-06-04T20:42:04.00Z,28.8,52.0
2025-06-04T20:42:05.00Z,28.8,52.0
2025-06-04T20:42:06.00Z,28.6,52.0
2025-06-04T20:42:07.00Z,28.2,52.0
2025-06-04T20:42:08.00Z,28.3,52.0
2025-06-04T20:42:08.00Z,28.5,52.0
2025-06-04T20:42:10.00Z,28.0,52.0
2025-06-04T20:42:11.00Z,28.9,52.0
2025-06-04T20:42:12.00Z,28.1,52.0
2025-06-04T20:42:13.00Z,28.7,52.0
2025-06-04T20:42:14.00Z,28.6,52.0
2025-06-04T20:42:14.00Z,28.7,52.0
2025-06-04T20:42:16.00Z,28.5,52.0
2025-06-04T20:42:17.00Z,28.0,52.0
2025-06-04T20:42:18.00Z,28.7,52.0
2025-06-04T20:42:19.00Z,28.5,52.0
2025-06-04T20:42:20.00Z,28.8,52.0
2025-06-04T20:42:20.00Z,28.9,52.0
2025-06-04T20:42:22.00Z,28.6,52.0
2025-06-04T20:42:23.00Z,28.2,52.0
2025-06-04T20:42:24.00Z,28.6,52.0
2025-06-04T20:42:25.00Z,28.3,53.0
2025-06-04T20:42:26.00Z,28.6,53.0
2025-06-04T20:42:26.00Z,28.3,53.0
2025-06-04T20:42:28.00Z,28.4,53.0
2025-06-04T20:42:29.00Z,28.3,53.0
2025-06-04T20:42:30.00Z,28.5,53.0
2025-06-04T20:42:31.00Z,28.6,53.0
2025-06-04T20:42:32.00Z,28.2,53.0
2025-06-04T20:42:32.00Z,28.3,53.0
2025-06-04T20:42:34.00Z,28.5,53.0
2025-06-04T20:42:35.00Z,28.3,53.0
2025-06-04T20:42:36.00Z,28.4,53.0
2025-06-04T20:42:37.00Z,28.7,53.0
2025-06-04T20:42:38.00Z,28.3,53.0
2025-06-04T20:42:38.00Z,28.1,53.0
2025-06-04T20:42:40.00Z,28.4,53.0
2025-06-04T20:42:41.00Z,28.2,53.0
2025-06-04T20:42:42.00Z,28.7,53.0
2025-06-04T20:42:43.00Z,28.7,53.0
2025-06-04T20:42:44.00Z,28.1,53.0
2025-06-04T20:42:44.00Z,28.6,53.0
2025-06-04T20:42:46.00Z,28.9,53.0
2025-06-04T20:42:47.00Z,28.8,53.0
2025-06-04T20:42:48.00Z,28.5,53.0
2025-06-04T20:42:49.00Z,28.3,53.0
2025-06-04T20:42:50.00Z,28.1,53.0
2025-06-04T20:42:50.00Z,28.2,53.0
2025-06-04T20:42:52.00Z,28.1,53.0
2025-06-04T20:42:53.00Z,28.3,53.0
2025-06-04T20:42:54.00Z,28.7,53.0
2025-06-04T20:42:55.00Z,28.2,53.0
2025-06-04T20:42:56.00Z,28.1,53.0
2025-06-04T20:42:56.00Z,28.1,53.0
2025-06-04T20:42:58.00Z,28.5,53.0
2025-06-04T20:42:59.00Z,28.2,53.0
2025-06-04T20:43:00.00Z,28.6,53.0
2025-06-04T20:43:01.00Z,28.5,53.0
2025-06-04T20:43:02.00Z,28.0,53.0
2025-06-04T20:43:02.00Z,28.2,53.0
2025-06-04T20:43:04.00Z,28.4,53.0
2025-06-04T20:43:05.00Z,28.0,53.0
2025-06-04T20:43:06.00Z,28.7,53.0
2025-06-04T20:43:07.00Z,28.4,53.0
2025-06-04T20:43:08.00Z,28.0,53.0
2025-06-04T20:43:08.00Z,28.9,53.0
2025-06-04T20:43:10.00Z,28.1,53.0
2025-06-04T20:43:11.00Z,28.1,53.0
2025-06-04T20:43:12.00Z,28.5,53.0
2025-06-04T20:43:13.00Z,28.4,53.0
2025-06-04T20:43:14.00Z,28.0,53.0
2025-06-04T20:43:14.00Z,28.9,53.0
2025-06-04T20:43:16.00Z,28.2,53.0
2025-06-04T20:43:17.00Z,28.7,53.0
2025-06-04T20:43:18.00Z,28.5,53.0
2025-06-04T20:43:19.00Z,28.8,53.0
2025-06-04T20:43:20.00Z,28.3,53.0
2025-06-04T20:43:20.00Z,28.1,53.0
2025-06-04T20:43:22.00Z,28.7,53.0
2025-06-04T20:43:23.00Z,28.9,53.0
2025-06-04T20:43:24.00Z,28.8,53.0
2025-06-04T20:43:25.00Z,28.5,53.0
2025-06-04T20:43:26.00Z,28.1,53.0
2025-06-04T20:43:26.00Z,28.2,53.0
2025-06-04T20:43:28.00Z,28.0,53.0
2025-06-04T20:43:29.00Z,28.6,53.0
2025-06-04T20:43:30.00Z,28.0,53.0
2025-06-04T20:43:31.00Z,28.2,53.0
2025-06-04T20:43:32.00Z,28.1,53.0
2025-06-04T20:43:32.00Z,28.4,53.0
2025-06-04T20:43:34.00Z,28.1,53.0
2025-06-04T20:43:35.00Z,28.7,53.0
2025-06-04T20:43:36.00Z,28.8,53.0
2025-06-04T20:43:37.00Z,28.8,53.0
2025-06-04T20:43:38.00Z,28.6,53.0
2025-06-04T20:43:38.00Z,28.7,53.0
2025-06-04T20:43:40.00Z,28.6,53.0
2025-06-04T20:43:41.00Z,28.3,53.0
2025-06-04T20:43:42.00Z,28.5,53.0
2025-06-04T20:43:43.00Z,28.9,53.0
2025-06-04T20:43:44.00Z,28.9,53.0
2025-06-04T20:43:44.00Z,28.3,53.0
2025-06-04T20:43:46.00Z,28.7,53.0
2025-06-04T20:43:47.00Z,28.0,53.0
2025-06-04T20:43:48.00Z,28.7,54.0
2025-06-04T20:43:49.00Z,28.1,54.0
2025-06-04T20:43:50.00Z,28.4,54.0
2025-06-04T20:43:50.00Z,28.9,54.0
2025-06-04T20:43:52.00Z,28.9,54.0
2025-06-04T20:43:53.00Z,28.6,54.0
2025-06-04T20:43:54.00Z,28.4,54.0
2025-06-04T20:43:55.00Z,28.7,54.0
2025-06-04T20:43:56.00Z,28.0,54.0
2025-06-04T20:43:56.00Z,28.7,54.0
2025-06-04T20:43:58.00Z,28.5,54.0
2025-06-04T20:43:59.00Z,28.9,54.0
2025-06-04T20:44:00.00Z,28.3,54.0
2025-06-04T20:44:01.00Z,28.6,54.0
2025-06-04T20:44:02.00Z,28.9,54.0
2025-06-04T20:44:02.00Z,28.3,54.0
2025-06-04T20:44:04.00Z,28.8,54.0
2025-06-04T20:44:05.00Z,28.9,54.0
2025-06-04T20:44:06.00Z,28.6,54.0
2025-06-04T20:44:07.00Z,28.1,54.0
2025-06-04T20:44:08.00Z,28.3,54.0
2025-06-04T20:44:08.00Z,28.1,54.0
2025-06-04T20:44:10.00Z,28.8,54.0
2025-06-04T20:44:11.00Z,28.1,54.0
2025-06-04T20:44:12.00Z,28.7,54.0
2025-06-04T20:44:13.00Z,28.1,54.0
2025-06-04T20:44:14.00Z,28.3,54.0
2025-06-04T20:44:14.00Z,28.4,54.0
2025-06-04T20:44:16.00Z,28.8,54.0
2025-06-04T20:44:17.00Z,28.7,54.0
2025-06-04T20:44:18.00Z,28.8,54.0
2025-06-04T20:44:19.00Z,28.2,54.0
2025-06-04T20:44:20.00Z,28.5,54.0
2025-06-04T20:44:20.00Z,28.3,54.0
2025-06-04T20:44:22.00Z,28.5,54.0
2025-06-04T20:44:23.00Z,28.1,54.0
2025-06-04T20:44:24.00Z,28.6,54.0
2025-06-04T20:44:25.00Z,28.1,54.0
2025-06-04T20:44:26.00Z,28.5,54.0
2025-06-04T20:44:26.00Z,28.4,54.0
2025-06-04T20:44:28.00Z,28.7,54.0
2025-06-04T20:44:29.00Z,28.6,54.0
2025-06-04T20:44:30.00Z,28.2,54.0
2025-06-04T20:44:31.00Z,28.7,54.0
2025-06-04T20:44:32.00Z,28.1,54.0
2025-06-04T20:44:32.00Z,28.5,54.0
2025-06-04T20:44:34.00Z,28.5,54.0
2025-06-04T20:44:35.00Z,28.8,54.0
2025-06-04T20:44:36.00Z,28.3,54.0
2025-06-04T20:44:37.00Z,28.5,54.0
2025-06-04T20:44:38.00Z,28.0,54.0
2025-06-04T20:44:38.00Z,28.0,54.0
2025-06-04T20:44:40.00Z,28.9,54.0
2025-06-04T20:44:41.00Z,28.6,54.0
2025-06-04T20:44:42.00Z,28.3,54.0
2025-06-04T20:44:43.00Z,28.5,55.0
2025-06-04T20:44:44.00Z,28.1,55.0
2025-06-04T20:44:44.00Z,28.5,55.0
2025-06-04T20:44:46.00Z,28.2,55.0
2025-06-04T20:44:47.00Z,28.4,55.0
2025-06-04T20:44:48.00Z,28.9,55.0
2025-06-04T20:44:49.00Z,28.1,55.0
2025-06-04T20:44:50.00Z,28.1,55.0
2025-06-04T20:44:50.00Z,28.3,55.0
2025-06-04T20:44:52.00Z,28.9,55.0
2025-06-04T20:44:53.00Z,28.5,55.0
2025-06-04T20:44:54.00Z,28.3,55.0
2025-06-04T20:44:55.00Z,28.1,55.0
2025-06-04T20:44:56.00Z,28.8,55.0
2025-06-04T20:44:56.00Z,28.8,55.0
2025-06-04T20:44:58.00Z,28.9,55.0
2025-06-04T20:44:59.00Z,28.3,55.0
2025-06-04T20:45:00.00Z,28.3,55.0
2025-06-04T20:45:01.00Z,28.6,55.0
2025-06-04T20:45:02.00Z,28.8,55.0
2025-06-04T20:45:02.00Z,28.1,55.0
2025-06-04T20:45:04.00Z,28.4,55.0
2025-06-04T20:45:05.00Z,28.1,55.0
2025-06-04T20:45:06.00Z,28.9,55.0
2025-06-04T20:45:07.00Z,28.2,55.0
2025-06-04T20:45:08.00Z,28.0,55.0
2025-06-04T20:45:08.00Z,28.9,55.0
2025-06-04T20:45:10.00Z,28.5,55.0
2025-06-04T20:45:11.00Z,28.4,55.0
2025-06-04T20:45:12.00Z,28.7,55.0
2025-06-04T20:45:13.00Z,28.3,55.0
2025-06-04T20:45:14.00Z,28.9,55.0
2025-06-04T20:45:14.00Z,28.9,55.0
2025-06-04T20:45:16.00Z,28.2,55.0
2025-06-04T20:45:17.00Z,28.5,55.0
2025-06-04T20:45:18.00Z,28.7,55.0
2025-06-04T20:45:19.00Z,28.0,55.0
2025-06-04T20:45:20.00Z,28.7,55.0
2025-06-04T20:45:20.00Z,28.4,55.0
2025-06-04T20:45:22.00Z,28.3,55.0
2025-06-04T20:45:23.00Z,28.4,55.0
2025-06-04T20:45:24.00Z,28.3,55.0
2025-06-04T20:45:25.00Z,28.7,55.0
2025-06-04T20:45:26.00Z,28.8,55.0
2025-06-04T20:45:26.00Z,28.6,55.0
2025-06-04T20:45:28.00Z,28.4,55.0
2025-06-04T20:45:29.00Z,28.1,55.0
2025-06-04T20:45:30.00Z,28.2,55.0
2025-06-04T20:45:31.00Z,28.2,55.0
2025-06-04T20:45:32.00Z,28.3,55.0
2025-06-04T20:45:32.00Z,28.3,55.0
2025-06-04T20:45:34.00Z,28.1,55.0
2025-06-04T20:45:35.00Z,28.1,55.0
2025-06-04T20:45:36.00Z,28.3,55.0
2025-06-04T20:45:37.00Z,28.0,55.0
2025-06-04T20:45:38.00Z,28.1,55.0
2025-06-04T20:45:38.00Z,28.7,55.0
2025-06-04T20:45:40.00Z,28.5,55.0
2025-06-04T20:45:41.00Z,28.7,55.0
2025-06-04T20:45:42.00Z,28.7,55.0
2025-06-04T20:45:43.00Z,28.6,55.0
2025-06-04T20:45:44.00Z,28.1,55.0
2025-06-04T20:45:44.00Z,28.3,55.0
2025-06-04T20:45:46.00Z,28.0,55.0
2025-06-04T20:45:47.00Z,28.9,55.0
2025-06-04T20:45:48.00Z,28.8,55.0
2025-06-04T20:45:49.00Z,28.6,55.0
2025-06-04T20:45:50.00Z,28.1,55.0
2025-06-04T20:45:50.00Z,28.0,55.0
2025-06-04T20:45:52.00Z,28.7,55.0
2025-06-04T20:45:53.00Z,28.0,55.0
2025-06-04T20:45:54.00Z,28.8,56.0
2025-06-04T20:45:55.00Z,28.8,56.0
2025-06-04T20:45:56.00Z,28.6,56.0
2025-06-04T20:45:56.00Z,28.9,55.0
2025-06-04T20:45:58.00Z,28.7,56.0
2025-06-04T20:45:59.00Z,28.1,55.0
2025-06-04T20:46:00.00Z,28.1,56.0
2025-06-04T20:46:01.00Z,28.8,56.0
2025-06-04T20:46:02.00Z,28.8,56.0
2025-06-04T20:46:02.00Z,28.3,56.0
2025-06-04T20:46:04.00Z,28.3,56.0
2025-06-04T20:46:05.00Z,28.2,56.0
2025-06-04T20:46:06.00Z,28.6,56.0
2025-06-04T20:46:07.00Z,28.7,56.0
2025-06-04T20:46:08.00Z,28.6,56.0
2025-06-04T20:46:08.00Z,28.3,56.0
2025-06-04T20:46:10.00Z,28.0,56.0
2025-06-04T20:46:11.00Z,28.3,56.0
2025-06-04T20:46:12.00Z,28.4,56.0
2025-06-04T20:46:13.00Z,28.5,56.0
2025-06-04T20:46:14.00Z,28.7,56.0
2025-06-04T20:46:14.00Z,28.1,56.0
2025-06-04T20:46:16.00Z,28.2,56.0
2025-06-04T20:46:17.00Z,28.4,56.0
2025-06-04T20:46:18.00Z,28.3,56.0
2025-06-04T20:46:19.00Z,28.9,56.0
2025-06-04T20:46:20.00Z,28.6,56.0
2025-06-04T20:46:20.00Z,28.9,56.0
2025-06-04T20:46:22.00Z,28.5,56.0
2025-06-04T20:46:23.00Z,28.9,56.0
2025-06-04T20:46:24.00Z,28.4,56.0
2025-06-04T20:46:25.00Z,28.6,56.0
2025-06-04T20:46:26.00Z,28.9,56.0
2025-06-04T20:46:26.00Z,28.3,56.0
2025-06-04T20:46:28.00Z,28.6,56.0
2025-06-04T20:46:29.00Z,28.4,56.0
2025-06-04T20:46:30.00Z,28.4,56.0
2025-06-04T20:46:31.00Z,28.9,56.0
2025-06-04T20:46:32.00Z,28.7,56.0
2025-06-04T20:46:32.00Z,28.2,56.0
2025-06-04T20:46:34.00Z,28.1,56.0
2025-06-04T20:46:35.00Z,28.0,56.0
2025-06-04T20:46:36.00Z,28.9,56.0
2025-06-04T20:46:37.00Z,28.6,56.0
2025-06-04T20:46:38.00Z,28.9,56.0
2025-06-04T20:46:38.00Z,28.6,56.0
2025-06-04T20:46:40.00Z,28.9,56.0
2025-06-04T20:46:41.00Z,28.1,56.0
2025-06-04T20:46:42.00Z,28.2,56.0
2025-06-04T20:46:43.00Z,28.3,56.0
2025-06-04T20:46:44.00Z,28.3,56.0
2025-06-04T20:46:44.00Z,28.5,56.0
2025-06-04T20:46:46.00Z,28.8,56.0
2025-06-04T20:46:47.00Z,28.8,56.0
2025-06-04T20:46:48.00Z,28.7,56.0
2025-06-04T20:46:49.00Z,28.5,56.0
2025-06-04T20:46:50.00Z,28.7,56.0
2025-06-04T20:46:50.00Z,28.5,56.0
2025-06-04T20:46:52.00Z,28.9,56.0
2025-06-04T20:46:53.00Z,28.9,56.0
2025-06-04T20:46:54.00Z,28.7,56.0
2025-06-04T20:46:55.00Z,28.0,56.0
2025-06-04T20:46:56.00Z,28.6,56.0
2025-06-04T20:46:56.00Z,28.9,56.0
2025-06-04T20:46:58.00Z,28.8,56.0
2025-06-04T20:46:59.00Z,28.9,56.0
2025-06-04T20:47:00.00Z,28.5,56.0
2025-06-04T20:47:01.00Z,28.9,56.0
2025-06-04T20:47:02.00Z,28.6,57.0
2025-06-04T20:47:02.00Z,28.5,57.0
2025-06-04T20:47:04.00Z,28.1,57.0
2025-06-04T20:47:05.00Z,28.1,57.0
2025-06-04T20:47:06.00Z,28.2,57.0
2025-06-04T20:47:07.00Z,28.0,57.0
2025-06-04T20:47:08.00Z,28.1,57.0
2025-06-04T20:47:08.00Z,28.9,57.0
2025-06-04T20:47:10.00Z,28.5,57.0
2025-06-04T20:47:11.00Z,28.3,57.0
2025-06-04T20:47:12.00Z,28.6,57.0
2025-06-04T20:47:13.00Z,28.7,57.0
2025-06-04T20:47:14.00Z,28.5,57.0
2025-06-04T20:47:14.00Z,28.0,57.0
2025-06-04T20:47:16.00Z,28.8,57.0
2025-06-04T20:47:17.00Z,28.9,57.0
2025-06-04T20:47:18.00Z,28.9,57.0
2025-06-04T20:47:19.00Z,28.7,57.0
2025-06-04T20:47:20.00Z,28.3,57.0
2025-06-04T20:47:20.00Z,28.7,57.0
2025-06-04T20:47:22.00Z,28.0,57.0
2025-06-04T20:47:23.00Z,28.7,57.0
2025-06-04T20:47:24.00Z,28.3,57.0
2025-06-04T20:47:25.00Z,28.4,57.0
2025-06-04T20:47:26.00Z,28.6,57.0
2025-06-04T20:47:26.00Z,28.6,57.0
2025-06-04T20:47:28.00Z,28.2,57.0
2025-06-04T20:47:29.00Z,28.9,57.0
2025-06-04T20:47:30.00Z,28.5,57.0
2025-06-04T20:47:31.00Z,28.8,57.0
2025-06-04T20:47:32.00Z,28.5,57.0
2025-06-04T20:47:32.00Z,28.4,57.0
2025-06-04T20:47:34.00Z,28.7,57.0
2025-06-04T20:47:35.00Z,28.1,57.0
2025-06-04T20:47:36.00Z,28.9,57.0
2025-06-04T20:47:37.00Z,28.3,57.0
2025-06-04T20:47:38.00Z,28.6,57.0
2025-06-04T20:47:38.00Z,28.5,57.0
2025-06-04T20:47:40.00Z,28.9,57.0
2025-06-04T20:47:41.00Z,28.5,57.0
2025-06-04T20:47:42.00Z,28.1,57.0
2025-06-04T20:47:43.00Z,28.1,57.0
2025-06-04T20:47:44.00Z,28.1,57.0
2025-06-04T20:47:44.00Z,28.6,57.0
2025-06-04T20:47:46.00Z,28.7,57.0
2025-06-04T20:47:47.00Z,28.9,57.0
2025-06-04T20:47:48.00Z,28.8,57.0
2025-06-04T20:47:49.00Z,28.5,57.0
2025-06-04T20:47:50.00Z,28.8,57.0
2025-06-04T20:47:50.00Z,28.2,57.0
2025-06-04T20:47:52.00Z,28.4,57.0
2025-06-04T20:47:53.00Z,28.7,57.0
2025-06-04T20:47:54.00Z,28.5,57.0
2025-06-04T20:47:55.00Z,28.9,57.0
2025-06-04T20:47:56.00Z,28.5,57.0
2025-06-04T20:47:56.00Z,28.5,57.0
2025-06-04T20:47:58.00Z,28.2,57.0
2025-06-04T20:47:59.00Z,28.5,57.0
2025-06-04T20:48:00.00Z,29.5,57.0
2025-06-04T20:48:01.00Z,29.6,57.0
2025-06-04T20:48:02.00Z,29.1,57.0
2025-06-04T20:48:02.00Z,29.9,57.0
2025-06-04T20:48:04.00Z,29.6,57.0
2025-06-04T20:48:05.00Z,29.9,57.0
2025-06-04T20:48:06.00Z,29.2,57.0
2025-06-04T20:48:07.00Z,29.2,57.0
2025-06-04T20:48:08.00Z,29.6,57.0
2025-06-04T20:48:08.00Z,29.2,57.0
2025-06-04T20:48:10.00Z,29.3,57.0
2025-06-04T20:48:11.00Z,29.7,57.0
2025-06-04T20:48:12.00Z,29.9,57.0
2025-06-04T20:48:13.00Z,29.3,57.0
2025-06-04T20:48:14.00Z,29.2,57.0
2025-06-04T20:48:14.00Z,29.3,57.0
2025-06-04T20:48:16.00Z,29.0,57.0
2025-06-04T20:48:17.00Z,29.7,57.0
2025-06-04T20:48:18.00Z,29.9,57.0
2025-06-04T20:48:19.00Z,29.9,57.0
2025-06-04T20:48:20.00Z,29.3,57.0
2025-06-04T20:48:20.00Z,29.9,57.0
2025-06-04T20:48:22.00Z,29.9,57.0
2025-06-04T20:48:23.00Z,29.0,57.0
2025-06-04T20:48:24.00Z,29.9,57.0
2025-06-04T20:48:25.00Z,29.1,57.0
2025-06-04T20:48:26.00Z,29.4,57.0
2025-06-04T20:48:26.00Z,29.3,57.0
2025-06-04T20:48:28.00Z,29.8,57.0
2025-06-04T20:48:29.00Z,29.2,57.0
2025-06-04T20:48:30.00Z,29.4,57.0
2025-06-04T20:48:31.00Z,29.3,57.0
2025-06-04T20:48:32.00Z,29.8,57.0
2025-06-04T20:48:32.00Z,29.7,57.0
2025-06-04T20:48:34.00Z,29.7,57.0
2025-06-04T20:48:35.00Z,29.8,57.0
2025-06-04T20:48:36.00Z,29.7,57.0
2025-06-04T20:48:37.00Z,29.1,57.0
2025-06-04T20:48:38.00Z,29.8,57.0
2025-06-04T20:48:38.00Z,29.3,57.0
2025-06-04T20:48:40.00Z,29.6,57.0
2025-06-04T20:48:41.00Z,29.1,57.0
2025-06-04T20:48:42.00Z,29.5,57.0
2025-06-04T20:48:43.00Z,29.1,57.0
2025-06-04T20:48:44.00Z,29.8,57.0
2025-06-04T20:48:44.00Z,29.2,57.0
2025-06-04T20:48:46.00Z,29.1,57.0
2025-06-04T20:48:47.00Z,29.7,57.0
2025-06-04T20:48:48.00Z,29.2,57.0
2025-06-04T20:48:49.00Z,29.1,57.0
2025-06-04T20:48:50.00Z,29.5,57.0
2025-06-04T20:48:50.00Z,29.6,57.0
2025-06-04T20:48:52.00Z,29.0,57.0
2025-06-04T20:48:53.00Z,29.2,57.0
2025-06-04T20:48:54.00Z,29.0,57.0
2025-06-04T20:48:55.00Z,29.4,57.0
2025-06-04T20:48:56.00Z,29.8,57.0
2025-06-04T20:48:56.00Z,29.0,57.0
2025-06-04T20:48:58.00Z,29.8,57.0
2025-06-04T20:48:59.00Z,29.7,57.0
2025-06-04T20:49:00.00Z,29.4,57.0
2025-06-04T20:49:01.00Z,29.8,57.0
2025-06-04T20:49:02.00Z,29.6,57.0
2025-06-04T20:49:02.00Z,29.8,57.0
2025-06-04T20:49:04.00Z,29.8,57.0
2025-06-04T20:49:05.00Z,29.7,57.0
2025-06-04T20:49:06.00Z,29.1,57.0
2025-06-04T20:49:07.00Z,29.7,57.0
2025-06-04T20:49:08.00Z,29.8,57.0
2025-06-04T20:49:08.00Z,29.0,57.0
2025-06-04T20:49:10.00Z,29.2,57.0
2025-06-04T20:49:11.00Z,29.8,57.0
2025-06-04T20:49:12.00Z,29.3,57.0
2025-06-04T20:49:13.00Z,29.4,57.0
2025-06-04T20:49:14.00Z,29.6,58.0
2025-06-04T20:49:14.00Z,29.5,58.0
2025-06-04T20:49:16.00Z,29.7,58.0
2025-06-04T20:49:17.00Z,29.6,58.0
2025-06-04T20:49:18.00Z,29.7,58.0
2025-06-04T20:49:19.00Z,29.7,58.0
2025-06-04T20:49:20.00Z,29.7,58.0
2025-06-04T20:49:20.00Z,29.1,58.0
2025-06-04T20:49:22.00Z,29.8,58.0
2025-06-04T20:49:23.00Z,29.5,58.0
2025-06-04T20:49:24.00Z,29.0,58.0
2025-06-04T20:49:25.00Z,29.0,58.0
2025-06-04T20:49:26.00Z,29.6,58.0
2025-06-04T20:49:26.00Z,29.7,58.0
2025-06-04T20:49:28.00Z,29.2,58.0
2025-06-04T20:49:29.00Z,29.9,58.0
2025-06-04T20:49:30.00Z,29.0,58.0
2025-06-04T20:49:31.00Z,29.5,58.0
2025-06-04T20:49:32.00Z,29.8,58.0
2025-06-04T20:49:32.00Z,29.8,58.0
2025-06-04T20:49:34.00Z,29.0,58.0
2025-06-04T20:49:35.00Z,29.8,58.0
2025-06-04T20:49:36.00Z,29.5,58.0
2025-06-04T20:49:37.00Z,29.0,58.0
2025-06-04T20:49:38.00Z,29.7,58.0
2025-06-04T20:49:38.00Z,29.9,58.0
2025-06-04T20:49:40.00Z,29.2,58.0
2025-06-04T20:49:41.00Z,29.4,58.0
2025-06-04T20:49:42.00Z,29.1,58.0
2025-06-04T20:49:43.00Z,29.1,58.0
2025-06-04T20:49:44.00Z,29.5,58.0
2025-06-04T20:49:44.00Z,29.2,58.0
2025-06-04T20:49:46.00Z,29.3,58.0
2025-06-04T20:49:47.00Z,29.6,58.0
2025-06-04T20:49:48.00Z,29.6,58.0
2025-06-04T20:49:49.00Z,29.7,58.0
2025-06-04T20:49:50.00Z,29.4,58.0
2025-06-04T20:49:50.00Z,29.5,58.0
2025-06-04T20:49:52.00Z,29.8,58.0
2025-06-04T20:49:53.00Z,29.8,58.0
2025-06-04T20:49:54.00Z,29.2,58.0
2025-06-04T20:49:55.00Z,29.9,58.0
2025-06-04T20:49:56.00Z,29.8,58.0
2025-06-04T20:49:56.00Z,29.6,58.0
2025-06-04T20:49:58.00Z,29.5,58.0
2025-06-04T20:49:59.00Z,29.1,58.0
2025-06-04T20:50:00.00Z,29.9,58.0
2025-06-04T20:50:01.00Z,29.8,58.0
2025-06-04T20:50:02.00Z,29.7,58.0
2025-06-04T20:50:02.00Z,29.2,58.0
2025-06-04T20:50:04.00Z,29.6,58.0
2025-06-04T20:50:05.00Z,29.9,58.0
2025-06-04T20:50:06.00Z,29.8,58.0
2025-06-04T20:50:07.00Z,29.3,58.0
2025-06-04T20:50:08.00Z,29.1,58.0
2025-06-04T20:50:08.00Z,29.7,58.0
2025-06-04T20:50:10.00Z,29.9,58.0
2025-06-04T20:50:11.00Z,29.0,58.0
2025-06-04T20:50:12.00Z,29.2,58.0
2025-06-04T20:50:13.00Z,29.9,58.0
2025-06-04T20:50:14.00Z,29.0,58.0
2025-06-04T20:50:14.00Z,29.4,58.0
2025-06-04T20:50:16.00Z,29.4,58.0
2025-06-04T20:50:17.00Z,29.9,58.0
2025-06-04T20:50:18.00Z,29.2,58.0
2025-06-04T20:50:19.00Z,29.3,58.0
2025-06-04T20:50:20.00Z,29.1,58.0
2025-06-04T20:50:20.00Z,29.6,58.0
2025-06-04T20:50:22.00Z,29.9,58.0
2025-06-04T20:50:23.00Z,29.7,58.0
2025-06-04T20:50:24.00Z,29.1,58.0
2025-06-04T20:50:25.00Z,29.3,58.0
2025-06-04T20:50:26.00Z,29.2,59.0
2025-06-04T20:50:26.00Z,29.9,58.0
2025-06-04T20:50:28.00Z,29.2,58.0
2025-06-04T20:50:29.00Z,29.8,58.0
2025-06-04T20:50:30.00Z,29.6,59.0
2025-06-04T20:50:31.00Z,29.8,59.0
2025-06-04T20:50:32.00Z,29.8,59.0
2025-06-04T20:50:32.00Z,29.4,59.0
2025-06-04T20:50:34.00Z,29.1,59.0
2025-06-04T20:50:35.00Z,29.6,59.0
2025-06-04T20:50:36.00Z,29.7,59.0
2025-06-04T20:50:37.00Z,29.6,59.0
2025-06-04T20:50:38.00Z,29.5,59.0
2025-06-04T20:50:38.00Z,29.0,59.0
2025-06-04T20:50:40.00Z,29.1,59.0
2025-06-04T20:50:41.00Z,29.8,59.0
2025-06-04T20:50:42.00Z,29.1,59.0
2025-06-04T20:50:43.00Z,29.3,59.0
2025-06-04T20:50:44.00Z,29.2,59.0
2025-06-04T20:50:44.00Z,29.7,59.0
2025-06-04T20:50:46.00Z,29.7,59.0
2025-06-04T20:50:47.00Z,29.3,59.0
2025-06-04T20:50:48.00Z,29.9,59.0
2025-06-04T20:50:49.00Z,29.3,59.0
2025-06-04T20:50:50.00Z,29.5,59.0
2025-06-04T20:50:50.00Z,29.5,59.0
2025-06-04T20:50:52.00Z,29.7,59.0
2025-06-04T20:50:53.00Z,29.6,59.0
2025-06-04T20:50:54.00Z,29.8,59.0
2025-06-04T20:50:55.00Z,29.0,59.0
2025-06-04T20:50:56.00Z,29.0,59.0
2025-06-04T20:50:56.00Z,29.2,59.0
2025-06-04T20:50:58.00Z,29.6,59.0
2025-06-04T20:50:59.00Z,29.7,59.0
2025-06-04T20:51:00.00Z,29.8,59.0
2025-06-04T20:51:01.00Z,29.1,59.0
2025-06-04T20:51:02.00Z,29.5,59.0
2025-06-04T20:51:02.00Z,29.9,59.0
2025-06-04T20:51:04.00Z,29.5,59.0
2025-06-04T20:51:05.00Z,29.6,59.0
2025-06-04T20:51:06.00Z,29.5,59.0
2025-06-04T20:51:07.00Z,29.8,59.0
2025-06-04T20:51:08.00Z,29.0,59.0
2025-06-04T20:51:08.00Z,29.0,59.0
2025-06-04T20:51:07.00Z,29.0,59.0
2025-06-04T20:51:08.00Z,29.2,59.0
2025-06-04T20:51:09.00Z,29.9,59.0
2025-06-04T20:51:10.00Z,29.3,59.0
2025-06-04T20:51:11.00Z,29.8,59.0
2025-06-04T20:51:11.00Z,29.9,59.0
2025-06-04T20:51:13.00Z,29.3,59.0
2025-06-04T20:51:14.00Z,29.1,59.0
2025-06-04T20:51:15.00Z,29.9,59.0
2025-06-04T20:51:16.00Z,29.5,59.0
2025-06-04T20:51:17.00Z,29.0,59.0
2025-06-04T20:51:17.00Z,29.1,59.0
2025-06-04T20:51:19.00Z,29.5,59.0
2025-06-04T20:51:20.00Z,29.4,59.0
2025-06-04T20:51:21.00Z,29.9,59.0
2025-06-04T20:51:22.00Z,29.4,59.0
2025-06-04T20:51:23.00Z,29.8,59.0
2025-06-04T20:51:23.00Z,29.0,59.0
2025-06-04T20:51:25.00Z,29.8,59.0
2025-06-04T20:51:26.00Z,29.8,59.0
2025-06-04T20:51:27.00Z,29.9,59.0
2025-06-04T20:51:28.00Z,29.5,59.0
2025-06-04T20:51:29.00Z,29.4,59.0
2025-06-04T20:51:29.00Z,29.2,59.0
2025-06-04T20:51:31.00Z,29.7,59.0
2025-06-04T20:51:32.00Z,29.4,59.0
2025-06-04T20:51:33.00Z,29.1,59.0
2025-06-04T20:51:34.00Z,29.3,59.0
2025-06-04T20:51:35.00Z,29.4,59.0
2025-06-04T20:51:35.00Z,29.0,59.0
2025-06-04T20:51:37.00Z,29.1,59.0
2025-06-04T20:51:38.00Z,29.7,59.0
2025-06-04T20:51:39.00Z,29.5,59.0
2025-06-04T20:51:40.00Z,29.9,59.0
2025-06-04T20:51:41.00Z,29.8,59.0
2025-06-04T20:51:41.00Z,29.5,59.0
2025-06-04T20:51:43.00Z,29.4,59.0
2025-06-04T20:51:44.00Z,29.5,59.0
2025-06-04T20:51:45.00Z,29.5,59.0
2025-06-04T20:51:46.00Z,29.3,59.0
2025-06-04T20:51:47.00Z,29.4,59.0
2025-06-04T20:51:47.00Z,29.4,59.0
2025-06-04T20:51:49.00Z,29.6,59.0
2025-06-04T20:51:50.00Z,29.0,60.0
2025-06-04T20:51:51.00Z,29.6,60.0
2025-06-04T20:51:52.00Z,29.9,60.0
2025-06-04T20:51:53.00Z,29.9,60.0
2025-06-04T20:51:53.00Z,29.1,60.0
2025-06-04T20:51:55.00Z,29.4,60.0
2025-06-04T20:51:56.00Z,29.7,60.0
2025-06-04T20:51:57.00Z,29.7,60.0
2025-06-04T20:51:58.00Z,29.2,60.0
2025-06-04T20:51:59.00Z,29.4,60.0
2025-06-04T20:51:59.00Z,29.9,60.0
2025-06-04T20:52:01.00Z,29.8,60.0
2025-06-04T20:52:02.00Z,29.9,60.0
2025-06-04T20:52:03.00Z,29.9,60.0
2025-06-04T20:52:04.00Z,29.7,60.0
2025-06-04T20:52:05.00Z,29.7,60.0
2025-06-04T20:52:05.00Z,29.2,60.0
2025-06-04T20:52:07.00Z,29.2,60.0
2025-06-04T20:52:08.00Z,29.9,60.0
2025-06-04T20:52:09.00Z,29.9,60.0
2025-06-04T20:52:10.00Z,29.1,60.0
2025-06-04T20:52:11.00Z,29.2,60.0
2025-06-04T20:52:11.00Z,29.8,60.0
2025-06-04T20:52:13.00Z,29.8,60.0
2025-06-04T20:52:14.00Z,29.8,60.0
2025-06-04T20:52:15.00Z,29.6,60.0
2025-06-04T20:52:16.00Z,29.2,60.0
2025-06-04T20:52:17.00Z,29.4,60.0
2025-06-04T20:52:17.00Z,29.9,60.0
2025-06-04T20:52:19.00Z,29.9,60.0
2025-06-04T20:52:20.00Z,29.6,60.0
2025-06-04T20:52:21.00Z,29.7,60.0
2025-06-04T20:52:22.00Z,29.8,60.0
2025-06-04T20:52:23.00Z,29.8,60.0
2025-06-04T20:52:23.00Z,29.4,60.0
2025-06-04T20:52:25.00Z,29.6,60.0
2025-06-04T20:52:26.00Z,29.3,60.0
2025-06-04T20:52:27.00Z,29.5,60.0
2025-06-04T20:52:28.00Z,29.9,60.0
2025-06-04T20:52:29.00Z,29.2,60.0
2025-06-04T20:52:29.00Z,29.8,60.0
2025-06-04T20:52:31.00Z,29.3,60.0
2025-06-04T20:52:32.00Z,29.2,60.0
2025-06-04T20:52:33.00Z,29.0,60.0
2025-06-04T20:52:34.00Z,29.6,60.0
2025-06-04T20:52:35.00Z,29.1,60.0
2025-06-04T20:52:35.00Z,29.0,60.0
2025-06-04T20:52:37.00Z,29.8,60.0
2025-06-04T20:52:38.00Z,29.0,60.0
2025-06-04T20:52:39.00Z,29.9,60.0
2025-06-04T20:52:40.00Z,29.7,60.0
2025-06-04T20:52:41.00Z,29.5,60.0
2025-06-04T20:52:41.00Z,29.9,60.0
2025-06-04T20:52:43.00Z,29.9,60.0
2025-06-04T20:52:44.00Z,29.0,60.0
2025-06-04T20:52:45.00Z,29.1,60.0
2025-06-04T20:52:46.00Z,29.4,60.0
2025-06-04T20:52:47.00Z,29.8,60.0
2025-06-04T20:52:47.00Z,29.2,60.0
2025-06-04T20:52:49.00Z,29.4,60.0
2025-06-04T20:52:50.00Z,29.0,61.0
2025-06-04T20:52:51.00Z,29.8,61.0
2025-06-04T20:52:52.00Z,29.1,60.0
2025-06-04T20:52:53.00Z,29.3,61.0
2025-06-04T20:52:53.00Z,29.2,61.0
2025-06-04T20:52:55.00Z,29.0,60.0
2025-06-04T20:52:56.00Z,29.5,60.0
2025-06-04T20:52:57.00Z,29.1,61.0
2025-06-04T20:52:58.00Z,29.9,61.0
2025-06-04T20:52:59.00Z,29.0,61.0
2025-06-04T20:52:59.00Z,29.3,61.0
2025-06-04T20:53:01.00Z,29.3,61.0
2025-06-04T20:53:02.00Z,29.0,61.0
2025-06-04T20:53:03.00Z,29.6,61.0
2025-06-04T20:53:04.00Z,29.6,61.0
2025-06-04T20:53:05.00Z,29.1,61.0
2025-06-04T20:53:05.00Z,29.2,61.0
2025-06-04T20:53:07.00Z,29.1,61.0
2025-06-04T20:53:08.00Z,29.1,61.0
2025-06-04T20:53:09.00Z,29.3,61.0
2025-06-04T20:53:10.00Z,29.5,61.0
2025-06-04T20:53:11.00Z,29.7,61.0
2025-06-04T20:53:11.00Z,29.3,61.0
2025-06-04T20:53:13.00Z,29.0,61.0
2025-06-04T20:53:14.00Z,29.7,61.0
2025-06-04T20:53:15.00Z,29.9,61.0
2025-06-04T20:53:16.00Z,29.5,61.0
2025-06-04T20:53:17.00Z,29.4,61.0
2025-06-04T20:53:17.00Z,29.7,61.0
2025-06-04T20:53:19.00Z,29.0,61.0
2025-06-04T20:53:20.00Z,29.3,61.0
2025-06-04T20:53:21.00Z,29.0,61.0
2025-06-04T20:53:22.00Z,29.8,61.0
2025-06-04T20:53:23.00Z,29.9,61.0
2025-06-04T20:53:23.00Z,29.6,61.0
2025-06-04T20:53:25.00Z,29.6,61.0
2025-06-04T20:53:26.00Z,29.5,61.0
2025-06-04T20:53:27.00Z,29.6,61.0
2025-06-04T20:53:28.00Z,29.5,61.0
2025-06-04T20:53:29.00Z,29.5,61.0
2025-06-04T20:53:29.00Z,29.7,61.0
2025-06-04T20:53:31.00Z,29.8,61.0
2025-06-04T20:53:32.00Z,29.4,61.0
2025-06-04T20:53:33.00Z,29.8,61.0
2025-06-04T20:53:34.00Z,29.8,61.0
2025-06-04T20:53:35.00Z,29.8,61.0
2025-06-04T20:53:35.00Z,29.7,61.0
2025-06-04T20:53:37.00Z,29.9,61.0
2025-06-04T20:53:38.00Z,29.2,61.0
2025-06-04T20:53:39.00Z,29.2,61.0
2025-06-04T20:53:40.00Z,29.6,61.0
2025-06-04T20:53:41.00Z,29.3,61.0
2025-06-04T20:53:41.00Z,29.9,61.0
2025-06-04T20:53:43.00Z,29.9,61.0
2025-06-04T20:53:44.00Z,29.7,61.0
2025-06-04T20:53:45.00Z,29.8,61.0
2025-06-04T20:53:46.00Z,29.6,61.0
2025-06-04T20:53:47.00Z,29.3,61.0
2025-06-04T20:53:47.00Z,29.0,61.0
2025-06-04T20:53:49.00Z,29.0,61.0
2025-06-04T20:53:50.00Z,29.7,61.0
2025-06-04T20:53:51.00Z,29.1,61.0
2025-06-04T20:53:52.00Z,29.7,61.0
2025-06-04T20:53:53.00Z,29.7,61.0
2025-06-04T20:53:53.00Z,29.1,61.0
2025-06-04T20:53:55.00Z,29.1,61.0
2025-06-04T20:53:56.00Z,29.1,61.0
2025-06-04T20:53:57.00Z,29.2,61.0
2025-06-04T20:53:58.00Z,29.2,61.0
2025-06-04T20:53:59.00Z,29.0,61.0
2025-06-04T20:53:59.00Z,29.5,61.0
2025-06-04T20:54:01.00Z,29.0,61.0
2025-06-04T20:54:02.00Z,29.8,61.0
2025-06-04T20:54:03.00Z,29.2,61.0
2025-06-04T20:54:04.00Z,29.3,61.0
2025-06-04T20:54:05.00Z,29.1,61.0
2025-06-04T20:54:05.00Z,29.5,61.0
2025-06-04T20:54:07.00Z,29.6,61.0
2025-06-04T20:54:08.00Z,29.1,61.0
2025-06-04T20:54:09.00Z,29.3,61.0
2025-06-04T20:54:10.00Z,29.0,61.0
2025-06-04T20:54:11.00Z,29.3,61.0
2025-06-04T20:54:11.00Z,29.9,61.0
2025-06-04T20:54:13.00Z,29.0,61.0
2025-06-04T20:54:14.00Z,29.0,61.0
2025-06-04T20:54:15.00Z,29.1,61.0
2025-06-04T20:54:16.00Z,29.1,61.0
2025-06-04T20:54:17.00Z,29.2,61.0
2025-06-04T20:54:17.00Z,29.1,61.0
2025-06-04T20:54:19.00Z,29.8,61.0
2025-06-04T20:54:20.00Z,29.7,61.0
2025-06-04T20:54:21.00Z,29.9,62.0
2025-06-04T20:54:21.99Z,29.8,61.0
2025-06-04T20:54:23.00Z,29.0,61.0
2025-06-04T20:54:23.00Z,29.1,61.0
2025-06-04T20:54:25.00Z,29.2,61.0
2025-06-04T20:54:26.00Z,29.8,62.0
2025-06-04T20:54:27.00Z,29.1,62.0
2025-06-04T20:54:28.00Z,29.3,62.0
2025-06-04T20:54:28.99Z,29.8,62.0
2025-06-04T20:54:28.99Z,29.0,62.0
2025-06-04T20:54:31.00Z,29.8,62.0
2025-06-04T20:54:32.00Z,29.8,62.0
2025-06-04T20:54:33.00Z,29.1,62.0
2025-06-04T20:54:34.00Z,29.8,62.0
2025-06-04T20:54:34.99Z,29.1,62.0
2025-06-04T20:54:34.99Z,29.3,62.0
2025-06-04T20:54:37.00Z,29.9,62.0
2025-06-04T20:54:38.00Z,29.7,62.0
2025-06-04T20:54:39.00Z,29.3,62.0
2025-06-04T20:54:40.00Z,29.6,62.0
2025-06-04T20:54:41.00Z,29.7,62.0
2025-06-04T20:54:41.00Z,29.9,62.0
2025-06-04T20:54:43.00Z,29.1,62.0
2025-06-04T20:54:44.01Z,29.8,62.0
2025-06-04T20:54:44.99Z,29.6,62.0
2025-06-04T20:54:46.00Z,29.5,62.0
2025-06-04T20:54:47.00Z,29.3,62.0
2025-06-04T20:54:47.00Z,29.8,62.0
2025-06-04T20:54:49.00Z,29.7,62.0
2025-06-04T20:54:50.00Z,29.8,62.0
2025-06-04T20:54:51.00Z,29.1,62.0
2025-06-04T20:54:52.00Z,29.5,62.0
2025-06-04T20:54:52.99Z,29.9,62.0
2025-06-04T20:54:52.99Z,29.9,62.0
2025-06-04T20:54:55.00Z,29.8,62.0
2025-06-04T20:54:56.00Z,29.4,62.0
2025-06-04T20:54:56.99Z,29.3,62.0
2025-06-04T20:54:58.00Z,29.9,62.0
2025-06-04T20:54:59.00Z,29.5,62.0
2025-06-04T20:54:59.00Z,29.8,62.0
2025-06-04T20:55:01.00Z,29.1,62.0
2025-06-04T20:55:02.00Z,29.0,62.0
2025-06-04T20:55:03.00Z,29.3,62.0
2025-06-04T20:55:04.00Z,29.1,62.0
2025-06-04T20:55:05.00Z,29.3,62.0
2025-06-04T20:55:05.00Z,29.6,62.0
2025-06-04T20:55:07.00Z,29.4,62.0
2025-06-04T20:55:08.00Z,29.7,62.0
2025-06-04T20:55:09.00Z,29.3,62.0
2025-06-04T20:55:10.01Z,29.8,62.0
2025-06-04T20:55:11.00Z,29.1,62.0
2025-06-04T20:55:11.00Z,29.6,62.0
2025-06-04T20:55:13.01Z,29.3,62.0
2025-06-04T20:55:13.99Z,29.7,62.0
2025-06-04T20:55:14.99Z,29.3,62.0
2025-06-04T20:55:16.00Z,29.0,62.0
2025-06-04T20:55:17.00Z,29.9,62.0
2025-06-04T20:55:17.00Z,29.5,62.0
2025-06-04T20:55:19.00Z,29.5,62.0
2025-06-04T20:55:20.00Z,29.6,62.0
2025-06-04T20:55:21.00Z,29.0,62.0
2025-06-04T20:55:22.00Z,29.8,62.0
2025-06-04T20:55:23.00Z,29.0,62.0
2025-06-04T20:55:23.00Z,29.2,62.0
2025-06-04T20:55:25.00Z,29.8,62.0
2025-06-04T20:55:26.00Z,29.8,62.0
2025-06-04T20:55:27.00Z,29.2,62.0
2025-06-04T20:55:28.00Z,29.5,62.0
2025-06-04T20:55:29.00Z,29.4,62.0
2025-06-04T20:55:29.00Z,29.1,62.0
2025-06-04T20:55:31.00Z,29.1,62.0
2025-06-04T20:55:32.00Z,29.1,62.0
2025-06-04T20:55:33.00Z,29.2,62.0
2025-06-04T20:55:34.00Z,29.2,62.0
2025-06-04T20:55:35.00Z,29.6,62.0
2025-06-04T20:55:35.00Z,29.2,62.0
2025-06-04T20:55:37.00Z,29.6,62.0
2025-06-04T20:55:38.00Z,29.8,62.0
2025-06-04T20:55:39.00Z,29.0,63.0
2025-06-04T20:55:40.00Z,29.1,63.0
2025-06-04T20:55:41.00Z,29.1,62.0
2025-06-04T20:55:41.00Z,29.2,63.0
2025-06-04T20:55:43.00Z,29.6,62.0
2025-06-04T20:55:44.00Z,29.8,63.0
2025-06-04T20:55:45.00Z,29.9,63.0
2025-06-04T20:55:46.00Z,29.5,63.0
2025-06-04T20:55:47.00Z,29.6,63.0
2025-06-04T20:55:47.00Z,29.0,63.0
2025-06-04T20:55:49.00Z,29.5,63.0
2025-06-04T20:55:50.00Z,29.7,63.0
2025-06-04T20:55:51.00Z,29.1,63.0
2025-06-04T20:55:52.00Z,29.5,63.0
2025-06-04T20:55:53.00Z,29.9,63.0
2025-06-04T20:55:53.00Z,29.5,63.0
2025-06-04T20:55:55.00Z,29.7,63.0
2025-06-04T20:55:56.00Z,29.4,63.0
2025-06-04T20:55:57.00Z,29.0,63.0
2025-06-04T20:55:58.00Z,29.8,63.0
2025-06-04T20:55:59.00Z,29.8,63.0
2025-06-04T20:55:59.00Z,29.7,63.0
2025-06-04T20:56:01.00Z,29.2,63.0
2025-06-04T20:56:02.00Z,29.5,63.0
2025-06-04T20:56:03.00Z,29.7,63.0
2025-06-04T20:56:04.00Z,29.0,63.0
2025-06-04T20:56:05.00Z,29.9,63.0
2025-06-04T20:56:05.00Z,29.4,63.0
2025-06-04T20:56:07.00Z,29.9,63.0
2025-06-04T20:56:08.00Z,29.0,63.0
2025-06-04T20:56:09.00Z,29.8,63.0
2025-06-04T20:56:10.00Z,29.9,63.0
2025-06-04T20:56:11.00Z,29.1,63.0
2025-06-04T20:56:11.00Z,29.8,63.0
2025-06-04T20:56:13.00Z,29.3,63.0
2025-06-04T20:56:14.00Z,29.8,63.0
2025-06-04T20:56:15.00Z,29.3,63.0
2025-06-04T20:56:16.00Z,29.2,63.0
2025-06-04T20:56:17.00Z,29.9,63.0
2025-06-04T20:56:17.00Z,29.2,63.0
2025-06-04T20:56:19.00Z,29.9,63.0
2025-06-04T20:56:20.00Z,29.5,63.0
2025-06-04T20:56:21.00Z,29.7,63.0
2025-06-04T20:56:22.00Z,29.5,63.0
2025-06-04T20:56:23.00Z,29.8,63.0
2025-06-04T20:56:23.00Z,29.8,63.0
2025-06-04T20:56:25.00Z,29.4,63.0
2025-06-04T20:56:26.00Z,29.7,63.0
2025-06-04T20:56:27.00Z,29.2,63.0
2025-06-04T20:56:28.00Z,29.7,63.0
2025-06-04T20:56:29.00Z,29.5,63.0
2025-06-04T20:56:29.00Z,29.7,63.0
2025-06-04T20:56:31.00Z,29.6,63.0
2025-06-04T20:56:32.00Z,29.6,63.0
2025-06-04T20:56:33.00Z,29.8,63.0
2025-06-04T20:56:34.00Z,29.6,63.0
2025-06-04T20:56:35.00Z,29.6,63.0
2025-06-04T20:56:35.00Z,29.9,63.0
2025-06-04T20:56:37.00Z,29.1,63.0
2025-06-04T20:56:38.00Z,29.4,63.0
2025-06-04T20:56:39.00Z,29.4,63.0
2025-06-04T20:56:40.00Z,29.0,63.0
2025-06-04T20:56:41.00Z,29.3,63.0
2025-06-04T20:56:41.00Z,29.4,63.0
2025-06-04T20:56:43.00Z,29.8,63.0
2025-06-04T20:56:44.00Z,29.5,63.0
2025-06-04T20:56:45.00Z,29.7,63.0
2025-06-04T20:56:46.00Z,29.2,63.0
2025-06-04T20:56:47.00Z,29.3,63.0
2025-06-04T20:56:47.00Z,29.6,63.0
2025-06-04T20:56:49.00Z,29.5,63.0
2025-06-04T20:56:50.00Z,29.5,63.0
2025-06-04T20:56:51.00Z,29.0,63.0
2025-06-04T20:56:52.00Z,29.0,63.0
2025-06-04T20:56:53.00Z,29.9,63.0
2025-06-04T20:56:53.00Z,29.2,63.0
2025-06-04T20:56:55.00Z,29.4,63.0
2025-06-04T20:56:56.00Z,29.8,63.0
2025-06-04T20:56:57.00Z,29.4,63.0
2025-06-04T20:56:58.00Z,29.5,63.0
2025-06-04T20:56:59.00Z,29.7,63.0
2025-06-04T20:56:59.00Z,29.4,63.0
2025-06-04T20:57:01.00Z,29.8,63.0
2025-06-04T20:57:02.00Z,29.4,63.0
2025-06-04T20:57:03.00Z,29.4,63.0
2025-06-04T20:57:04.00Z,29.9,63.0
2025-06-04T20:57:05.00Z,29.9,63.0
2025-06-04T20:57:05.00Z,29.0,63.0
2025-06-04T20:57:07.00Z,29.8,63.0
2025-06-04T20:57:08.00Z,29.4,63.0
2025-06-04T20:57:09.00Z,29.4,63.0
2025-06-04T20:57:10.00Z,29.7,63.0
2025-06-04T20:57:11.00Z,29.4,63.0
2025-06-04T20:57:11.00Z,29.9,63.0
2025-06-04T20:57:13.00Z,29.9,63.0
2025-06-04T20:57:14.00Z,29.4,63.0
2025-06-04T20:57:15.00Z,29.5,63.0
2025-06-04T20:57:16.00Z,29.7,63.0
2025-06-04T20:57:17.00Z,29.2,63.0
2025-06-04T20:57:17.00Z,29.6,63.0
2025-06-04T20:57:19.00Z,29.2,63.0
2025-06-04T20:57:20.00Z,29.2,63.0
2025-06-04T20:57:21.00Z,29.3,63.0
2025-06-04T20:57:22.00Z,29.1,63.0
2025-06-04T20:57:23.00Z,29.3,63.0
2025-06-04T20:57:23.00Z,29.0,63.0
2025-06-04T20:57:25.00Z,29.9,63.0
2025-06-04T20:57:26.00Z,29.7,63.0
2025-06-04T20:57:27.00Z,29.3,63.0
2025-06-04T20:57:28.00Z,29.9,63.0
2025-06-04T20:57:29.00Z,29.0,63.0
2025-06-04T20:57:29.00Z,29.1,63.0
2025-06-04T20:57:31.00Z,29.8,63.0
2025-06-04T20:57:32.00Z,29.8,63.0
2025-06-04T20:57:33.00Z,29.3,63.0
2025-06-04T20:57:34.00Z,29.4,63.0
2025-06-04T20:57:35.00Z,29.4,63.0
2025-06-04T20:57:35.00Z,29.9,64.0
2025-06-04T20:57:37.00Z,29.9,63.0
2025-06-04T20:57:38.00Z,29.2,64.0
2025-06-04T20:57:39.00Z,29.2,63.0
2025-06-04T20:57:40.00Z,29.4,64.0
2025-06-04T20:57:41.00Z,29.9,63.0
2025-06-04T20:57:41.00Z,29.4,64.0
2025-06-04T20:57:43.00Z,29.7,64.0
2025-06-04T20:57:44.00Z,29.9,64.0
2025-06-04T20:57:45.00Z,29.1,64.0
2025-06-04T20:57:46.00Z,29.1,64.0
2025-06-04T20:57:47.00Z,29.1,64.0
2025-06-04T20:57:47.00Z,29.3,64.0
2025-06-04T20:57:49.00Z,29.0,64.0
2025-06-04T20:57:50.00Z,29.4,64.0
2025-06-04T20:57:51.00Z,29.0,64.0
2025-06-04T20:57:52.00Z,29.1,64.0
2025-06-04T20:57:53.00Z,29.1,64.0
2025-06-04T20:57:53.00Z,29.5,64.0
2025-06-04T20:57:55.00Z,29.1,64.0
2025-06-04T20:57:56.00Z,29.0,64.0
2025-06-04T20:57:57.00Z,29.3,64.0
2025-06-04T20:57:58.00Z,29.1,64.0
2025-06-04T20:57:59.00Z,29.2,64.0
2025-06-04T20:57:59.00Z,29.6,64.0
2025-06-04T20:58:01.00Z,29.8,64.0
2025-06-04T20:58:02.00Z,29.8,64.0
2025-06-04T20:58:03.00Z,29.1,64.0
2025-06-04T20:58:04.00Z,29.8,64.0
2025-06-04T20:58:05.00Z,29.7,64.0
2025-06-04T20:58:05.00Z,29.6,64.0
2025-06-04T20:58:07.00Z,29.2,64.0
2025-06-04T20:58:08.00Z,29.6,64.0
2025-06-04T20:58:09.00Z,29.7,64.0
2025-06-04T20:58:10.00Z,29.5,64.0
2025-06-04T20:58:11.00Z,29.5,64.0
2025-06-04T20:58:11.00Z,29.8,64.0
2025-06-04T20:58:13.00Z,29.9,64.0
2025-06-04T20:58:14.00Z,29.9,64.0
2025-06-04T20:58:15.00Z,29.1,64.0
2025-06-04T20:58:16.00Z,29.9,64.0
2025-06-04T20:58:17.00Z,29.6,64.0
2025-06-04T20:58:17.00Z,29.7,64.0
2025-06-04T20:58:19.00Z,29.7,64.0
2025-06-04T20:58:20.00Z,29.4,64.0
2025-06-04T20:58:21.00Z,29.9,64.0
2025-06-04T20:58:22.00Z,29.2,64.0
2025-06-04T20:58:23.00Z,29.2,64.0
2025-06-04T20:58:23.00Z,29.6,64.0
2025-06-04T20:58:25.00Z,29.7,64.0
2025-06-04T20:58:26.00Z,29.5,64.0
2025-06-04T20:58:27.00Z,29.9,64.0
2025-06-04T20:58:28.00Z,29.2,64.0
2025-06-04T20:58:29.00Z,29.2,64.0
2025-06-04T20:58:29.00Z,29.7,64.0
2025-06-04T20:58:31.00Z,29.5,64.0
2025-06-04T20:58:32.00Z,29.1,64.0
2025-06-04T20:58:33.00Z,29.3,64.0
2025-06-04T20:58:34.00Z,29.8,64.0
2025-06-04T20:58:35.00Z,29.4,64.0
2025-06-04T20:58:35.00Z,29.2,64.0
2025-06-04T20:58:37.00Z,29.5,64.0
2025-06-04T20:58:38.00Z,29.7,64.0
2025-06-04T20:58:39.00Z,29.3,64.0
2025-06-04T20:58:40.00Z,29.1,64.0
2025-06-04T20:58:41.00Z,29.7,64.0
2025-06-04T20:58:41.00Z,29.0,64.0
2025-06-04T20:58:43.00Z,29.9,64.0
2025-06-04T20:58:44.00Z,29.0,64.0
2025-06-04T20:58:45.00Z,29.6,64.0
2025-06-04T20:58:46.00Z,29.7,64.0
2025-06-04T20:58:47.00Z,29.5,64.0
2025-06-04T20:58:47.00Z,29.4,64.0
2025-06-04T20:58:49.00Z,29.9,64.0
2025-06-04T20:58:50.00Z,29.6,64.0
2025-06-04T20:58:51.00Z,29.6,64.0
2025-06-04T20:58:52.00Z,29.3,64.0
2025-06-04T20:58:53.00Z,29.1,64.0
2025-06-04T20:58:53.00Z,29.9,64.0
2025-06-04T20:58:55.00Z,29.0,64.0
2025-06-04T20:58:56.00Z,29.7,64.0
2025-06-04T20:58:57.00Z,29.2,64.0
2025-06-04T20:58:58.00Z,29.4,64.0
2025-06-04T20:58:59.00Z,29.0,64.0
2025-06-04T20:58:59.00Z,29.3,64.0
2025-06-04T20:59:01.00Z,29.5,64.0
2025-06-04T20:59:02.00Z,29.6,64.0
2025-06-04T20:59:03.00Z,29.3,64.0
2025-06-04T20:59:04.00Z,29.8,64.0
2025-06-04T20:59:05.00Z,29.0,64.0
2025-06-04T20:59:05.00Z,29.2,64.0
2025-06-04T20:59:07.00Z,29.2,64.0
2025-06-04T20:59:08.00Z,29.5,64.0
2025-06-04T20:59:09.00Z,29.5,64.0
2025-06-04T20:59:10.00Z,29.2,64.0
2025-06-04T20:59:11.00Z,29.2,64.0
2025-06-04T20:59:11.00Z,29.8,64.0
2025-06-04T20:59:13.00Z,29.7,64.0
2025-06-04T20:59:14.00Z,29.4,64.0
2025-06-04T20:59:15.00Z,29.5,64.0
2025-06-04T20:59:16.00Z,29.4,64.0
2025-06-04T20:59:17.00Z,29.6,64.0
2025-06-04T20:59:17.00Z,29.2,64.0
2025-06-04T20:59:19.00Z,29.0,64.0
2025-06-04T20:59:20.00Z,29.8,64.0
2025-06-04T20:59:21.00Z,29.1,64.0
2025-06-04T20:59:22.00Z,29.7,64.0
2025-06-04T20:59:23.00Z,29.5,64.0
2025-06-04T20:59:23.00Z,29.1,64.0
2025-06-04T20:59:25.00Z,29.2,64.0
2025-06-04T20:59:26.00Z,29.1,64.0
2025-06-04T20:59:27.00Z,29.6,64.0
2025-06-04T20:59:28.00Z,29.0,64.0
2025-06-04T20:59:29.00Z,29.1,64.0
2025-06-04T20:59:29.00Z,29.8,65.0
2025-06-04T20:59:31.00Z,29.0,64.0
2025-06-04T20:59:32.00Z,29.9,64.0
2025-06-04T20:59:33.00Z,29.3,65.0
2025-06-04T20:59:34.00Z,29.3,65.0
2025-06-04T20:59:35.00Z,29.3,64.0
2025-06-04T20:59:35.00Z,29.9,65.0
2025-06-04T20:59:37.00Z,29.9,65.0
2025-06-04T20:59:38.00Z,29.5,64.0
2025-06-04T20:59:39.00Z,29.1,65.0
2025-06-04T20:59:40.00Z,29.3,65.0
2025-06-04T20:59:41.00Z,29.7,65.0
2025-06-04T20:59:41.00Z,29.4,65.0
2025-06-04T20:59:43.00Z,29.2,65.0
2025-06-04T20:59:44.00Z,29.3,64.0
2025-06-04T20:59:45.00Z,29.5,64.0
2025-06-04T20:59:46.00Z,29.8,65.0
2025-06-04T20:59:47.00Z,29.5,65.0
2025-06-04T20:59:47.00Z,29.2,65.0
2025-06-04T20:59:49.00Z,29.5,65.0
2025-06-04T20:59:50.00Z,29.8,65.0
2025-06-04T20:59:51.00Z,29.8,65.0
2025-06-04T20:59:52.00Z,29.7,65.0
2025-06-04T20:59:53.00Z,29.0,65.0
2025-06-04T20:59:53.00Z,29.2,65.0
2025-06-04T20:59:55.00Z,29.3,65.0
2025-06-04T20:59:56.00Z,29.5,65.0
2025-06-04T20:59:57.00Z,29.0,65.0
2025-06-04T20:59:58.00Z,29.1,65.0
2025-06-04T20:59:59.00Z,29.6,65.0
2025-06-04T20:59:59.00Z,29.7,65.0
2025-06-04T21:00:01.00Z,29.3,65.0
2025-06-04T21:00:02.00Z,29.0,65.0
2025-06-04T21:00:03.00Z,29.1,65.0
2025-06-04T21:00:04.00Z,29.9,65.0
2025-06-04T21:00:05.00Z,29.0,65.0
2025-06-04T21:00:05.00Z,29.1,65.0
2025-06-04T21:00:07.00Z,29.7,65.0
2025-06-04T21:00:08.00Z,29.3,65.0
2025-06-04T21:00:09.00Z,29.3,65.0
2025-06-04T21:00:10.00Z,29.4,65.0
2025-06-04T21:00:11.00Z,29.7,65.0
2025-06-04T21:00:11.00Z,29.0,65.0
2025-06-04T21:00:13.00Z,29.1,65.0
2025-06-04T21:00:14.00Z,29.8,65.0
2025-06-04T21:00:15.00Z,29.1,65.0
2025-06-04T21:00:16.00Z,29.8,65.0
2025-06-04T21:00:17.00Z,29.6,65.0
2025-06-04T21:00:17.00Z,29.4,65.0
2025-06-04T21:00:19.00Z,29.4,65.0
2025-06-04T21:00:20.00Z,29.1,65.0
2025-06-04T21:00:21.00Z,29.8,65.0
2025-06-04T21:00:22.00Z,29.5,65.0
2025-06-04T21:00:23.00Z,29.5,65.0
2025-06-04T21:00:23.00Z,29.1,65.0
2025-06-04T21:00:25.00Z,29.2,65.0
2025-06-04T21:00:26.00Z,29.7,65.0
2025-06-04T21:00:27.00Z,29.1,65.0
2025-06-04T21:00:28.00Z,29.5,65.0
2025-06-04T21:00:29.00Z,29.7,65.0
2025-06-04T21:00:29.00Z,29.2,65.0
2025-06-04T21:00:31.00Z,29.5,65.0
2025-06-04T21:00:32.00Z,29.6,65.0
2025-06-04T21:00:33.00Z,29.6,65.0
2025-06-04T21:00:34.00Z,29.2,65.0
2025-06-04T21:00:35.00Z,29.3,65.0
2025-06-04T21:00:35.00Z,29.3,65.0
2025-06-04T21:00:37.00Z,29.1,65.0
2025-06-04T21:00:38.00Z,29.2,65.0
2025-06-04T21:00:39.00Z,29.8,65.0
2025-06-04T21:00:40.00Z,29.7,65.0
2025-06-04T21:00:41.00Z,29.1,65.0
2025-06-04T21:00:41.00Z,29.6,65.0
2025-06-04T21:00:43.00Z,29.4,65.0
2025-06-04T21:00:44.00Z,29.5,65.0
2025-06-04T21:00:45.00Z,29.6,65.0
2025-06-04T21:00:46.00Z,29.2,65.0
2025-06-04T21:00:47.00Z,29.8,65.0
2025-06-04T21:00:47.00Z,29.5,65.0
2025-06-04T21:00:49.00Z,29.5,65.0
2025-06-04T21:00:50.00Z,29.6,65.0
2025-06-04T21:00:51.00Z,29.2,65.0
2025-06-04T21:00:52.00Z,29.5,65.0
2025-06-04T21:00:53.00Z,29.9,65.0
2025-06-04T21:00:53.00Z,29.1,65.0
2025-06-04T21:00:55.00Z,29.2,65.0
2025-06-04T21:00:56.00Z,29.7,65.0
2025-06-04T21:00:57.00Z,29.0,65.0
2025-06-04T21:00:58.00Z,29.7,65.0
2025-06-04T21:00:59.00Z,29.7,65.0
2025-06-04T21:00:59.00Z,29.3,65.0
2025-06-04T21:01:01.00Z,29.7,65.0
2025-06-04T21:01:02.00Z,29.1,65.0
2025-06-04T21:01:03.00Z,29.0,65.0
2025-06-04T21:01:04.00Z,29.7,65.0
2025-06-04T21:01:05.00Z,29.7,65.0
2025-06-04T21:01:05.00Z,29.5,65.0
2025-06-04T21:01:07.00Z,29.0,65.0
2025-06-04T21:01:08.00Z,29.5,65.0
2025-06-04T21:01:09.00Z,29.5,65.0
2025-06-04T21:01:10.00Z,29.6,65.0
2025-06-04T21:01:11.00Z,29.5,65.0
2025-06-04T21:01:11.00Z,29.5,65.0
2025-06-04T21:01:13.00Z,29.5,65.0
2025-06-04T21:01:14.00Z,29.4,65.0
2025-06-04T21:01:15.00Z,29.9,65.0
2025-06-04T21:01:16.00Z,29.8,65.0
2025-06-04T21:01:17.00Z,29.8,65.0
2025-06-04T21:01:17.00Z,29.6,65.0
2025-06-04T21:01:19.00Z,29.7,65.0
2025-06-04T21:01:20.00Z,29.3,65.0
2025-06-04T21:01:21.00Z,29.5,65.0
2025-06-04T21:01:22.00Z,29.4,65.0
2025-06-04T21:01:23.00Z,29.7,65.0
2025-06-04T21:01:23.00Z,29.3,65.0
2025-06-04T21:01:25.00Z,29.7,65.0
2025-06-04T21:01:26.00Z,29.8,65.0
2025-06-04T21:01:27.00Z,29.5,65.0
2025-06-04T21:01:28.00Z,29.5,65.0
2025-06-04T21:01:29.00Z,29.5,65.0
2025-06-04T21:01:29.00Z,29.7,65.0
2025-06-04T21:01:31.00Z,29.7,65.0
2025-06-04T21:01:32.00Z,29.7,65.0
2025-06-04T21:01:33.00Z,29.4,65.0
2025-06-04T21:01:34.00Z,29.8,65.0
2025-06-04T21:01:35.00Z,29.6,65.0
2025-06-04T21:01:35.00Z,29.2,65.0
2025-06-04T21:01:37.00Z,29.1,65.0
2025-06-04T21:01:38.00Z,29.1,65.0
2025-06-04T21:01:39.00Z,29.5,65.0
2025-06-04T21:01:40.00Z,29.8,65.0
2025-06-04T21:01:41.00Z,29.6,65.0
2025-06-04T21:01:41.00Z,29.5,65.0
2025-06-04T21:01:43.00Z,29.9,65.0
2025-06-04T21:01:44.00Z,29.5,65.0
2025-06-04T21:01:45.00Z,29.8,65.0
2025-06-04T21:01:46.00Z,29.3,65.0
2025-06-04T21:01:47.00Z,29.3,65.0
2025-06-04T21:01:47.00Z,29.1,65.0
2025-06-04T21:01:49.00Z,29.0,65.0
2025-06-04T21:01:50.00Z,29.9,65.0
2025-06-04T21:01:51.00Z,29.0,65.0
2025-06-04T21:01:52.00Z,29.9,65.0
2025-06-04T21:01:53.00Z,29.0,65.0
2025-06-04T21:01:53.00Z,29.8,65.0
2025-06-04T21:01:55.00Z,29.7,65.0
2025-06-04T21:01:56.00Z,29.6,65.0
2025-06-04T21:01:57.00Z,29.0,65.0
2025-06-04T21:01:58.00Z,29.9,65.0
2025-06-04T21:01:59.00Z,29.0,65.0
2025-06-04T21:01:59.00Z,29.0,65.0
2025-06-04T21:02:01.00Z,29.9,65.0
2025-06-04T21:02:02.00Z,29.9,65.0
2025-06-04T21:02:03.00Z,29.4,65.0
2025-06-04T21:02:04.00Z,29.3,65.0
2025-06-04T21:02:05.00Z,29.1,65.0
2025-06-04T21:02:05.00Z,29.0,65.0
2025-06-04T21:02:07.00Z,29.8,65.0
2025-06-04T21:02:08.00Z,29.5,65.0
2025-06-04T21:02:09.00Z,29.4,65.0
2025-06-04T21:02:10.00Z,29.3,65.0
2025-06-04T21:02:11.00Z,29.6,65.0
2025-06-04T21:02:11.00Z,29.6,65.0
2025-06-04T21:02:13.00Z,29.8,65.0
2025-06-04T21:02:14.00Z,29.9,65.0
2025-06-04T21:02:15.00Z,29.7,65.0
2025-06-04T21:02:16.00Z,29.3,65.0
2025-06-04T21:02:17.00Z,29.1,65.0
2025-06-04T21:02:17.00Z,29.3,65.0
2025-06-04T21:02:19.00Z,29.3,65.0
2025-06-04T21:02:20.00Z,29.8,65.0
2025-06-04T21:02:21.00Z,29.4,65.0
2025-06-04T21:02:22.00Z,29.1,65.0
2025-06-04T21:02:23.00Z,29.0,65.0
2025-06-04T21:02:23.00Z,29.9,65.0
2025-06-04T21:02:25.00Z,29.4,65.0
2025-06-04T21:02:26.00Z,29.3,65.0
2025-06-04T21:02:27.00Z,29.4,65.0
2025-06-04T21:02:28.00Z,29.5,65.0
2025-06-04T21:02:29.00Z,29.8,65.0
2025-06-04T21:02:29.00Z,29.4,65.0
2025-06-04T21:02:31.00Z,29.2,65.0
2025-06-04T21:02:32.00Z,29.5,65.0
2025-06-04T21:02:33.00Z,29.7,65.0
2025-06-04T21:02:34.00Z,29.3,65.0
2025-06-04T21:02:35.00Z,29.8,65.0
2025-06-04T21:02:35.00Z,29.8,65.0
2025-06-04T21:02:37.00Z,29.4,65.0
2025-06-04T21:02:38.00Z,29.1,65.0
2025-06-04T21:02:39.00Z,29.1,65.0
2025-06-04T21:02:40.00Z,29.4,65.0
2025-06-04T21:02:41.00Z,29.7,65.0
2025-06-04T21:02:41.00Z,29.7,65.0
2025-06-04T21:02:43.00Z,29.2,65.0
2025-06-04T21:02:44.00Z,29.0,65.0
2025-06-04T21:02:45.00Z,29.5,65.0
2025-06-04T21:02:46.00Z,29.4,65.0
2025-06-04T21:02:47.00Z,29.3,65.0
2025-06-04T21:02:47.00Z,29.9,65.0
2025-06-04T21:02:49.00Z,29.6,65.0
2025-06-04T21:02:50.00Z,29.0,65.0
2025-06-04T21:02:51.00Z,29.7,65.0
2025-06-04T21:02:52.00Z,29.2,65.0
2025-06-04T21:02:53.00Z,29.8,65.0
2025-06-04T21:02:53.00Z,29.2,65.0
2025-06-04T21:02:55.00Z,29.9,65.0
2025-06-04T21:02:56.00Z,29.2,65.0
2025-06-04T21:02:57.00Z,29.6,65.0
2025-06-04T21:02:58.00Z,29.1,65.0
2025-06-04T21:02:59.00Z,29.3,65.0
2025-06-04T21:02:59.00Z,29.9,65.0
2025-06-04T21:03:01.00Z,29.1,65.0
2025-06-04T21:03:02.00Z,29.3,65.0
2025-06-04T21:03:03.00Z,29.9,65.0
2025-06-04T21:03:04.00Z,29.2,65.0
2025-06-04T21:03:05.00Z,29.0,65.0
2025-06-04T21:03:05.00Z,29.6,65.0
2025-06-04T21:03:07.00Z,29.6,65.0
2025-06-04T21:03:08.00Z,29.1,65.0
2025-06-04T21:03:09.00Z,29.4,65.0
2025-06-04T21:03:10.00Z,29.1,65.0
2025-06-04T21:03:11.00Z,29.1,65.0
2025-06-04T21:03:11.00Z,29.1,65.0
2025-06-04T21:03:13.00Z,29.2,65.0
2025-06-04T21:03:14.00Z,29.6,65.0
2025-06-04T21:03:15.00Z,29.2,65.0
2025-06-04T21:03:16.00Z,29.5,65.0
2025-06-04T21:03:17.00Z,29.3,65.0
2025-06-04T21:03:17.00Z,29.7,65.0
2025-06-04T21:03:19.00Z,29.8,65.0
2025-06-04T21:03:20.00Z,29.3,65.0
2025-06-04T21:03:21.00Z,29.4,65.0
2025-06-04T21:03:22.00Z,29.7,65.0
2025-06-04T21:03:23.00Z,29.0,65.0
2025-06-04T21:03:23.00Z,29.8,65.0
2025-06-04T21:03:25.00Z,29.5,66.0
2025-06-04T21:03:26.00Z,29.2,65.0
2025-06-04T21:03:27.00Z,29.5,65.0
2025-06-04T21:03:28.00Z,29.1,65.0
2025-06-04T21:03:29.00Z,29.4,65.0
2025-06-04T21:03:29.00Z,29.9,65.0
2025-06-04T21:03:31.00Z,29.3,65.0
2025-06-04T21:03:32.00Z,29.9,66.0
2025-06-04T21:03:33.00Z,29.8,65.0
2025-06-04T21:03:34.00Z,29.7,65.0
2025-06-04T21:03:35.00Z,29.4,65.0
2025-06-04T21:03:35.00Z,29.8,66.0
2025-06-04T21:03:37.00Z,29.7,66.0
2025-06-04T21:03:38.00Z,29.6,65.0
2025-06-04T21:03:39.00Z,29.2,65.0
2025-06-04T21:03:40.00Z,29.6,65.0
2025-06-04T21:03:41.00Z,29.8,65.0
2025-06-04T21:03:41.00Z,29.3,65.0
2025-06-04T21:03:43.00Z,29.2,66.0
2025-06-04T21:03:44.00Z,29.1,65.0
2025-06-04T21:03:45.00Z,29.7,65.0
2025-06-04T21:03:46.00Z,29.0,65.0
2025-06-04T21:03:47.00Z,29.0,66.0
2025-06-04T21:03:47.00Z,29.8,65.0
2025-06-04T21:03:49.00Z,29.6,65.0
2025-06-04T21:03:50.00Z,29.7,65.0
2025-06-04T21:03:51.00Z,29.8,65.0
2025-06-04T21:03:52.00Z,29.9,65.0
2025-06-04T21:03:53.00Z,29.8,65.0
2025-06-04T21:03:53.00Z,29.4,65.0
2025-06-04T21:03:55.00Z,29.0,65.0
2025-06-04T21:03:56.00Z,29.6,65.0
2025-06-04T21:03:57.00Z,29.6,65.0
2025-06-04T21:03:58.00Z,29.3,66.0
2025-06-04T21:03:59.00Z,29.0,65.0
2025-06-04T21:03:59.00Z,29.9,65.0
2025-06-04T21:04:01.00Z,29.3,66.0
2025-06-04T21:04:02.00Z,29.3,65.0
2025-06-04T21:04:03.00Z,29.9,66.0
2025-06-04T21:04:04.00Z,29.6,66.0
2025-06-04T21:04:05.00Z,29.1,65.0
2025-06-04T21:04:05.00Z,29.1,66.0
2025-06-04T21:04:07.00Z,29.1,65.0
2025-06-04T21:04:08.00Z,29.1,66.0
2025-06-04T21:04:09.00Z,29.5,65.0
2025-06-04T21:04:10.00Z,29.1,66.0
2025-06-04T21:04:11.00Z,29.6,66.0
2025-06-04T21:04:11.00Z,29.9,65.0
2025-06-04T21:04:13.00Z,29.7,65.0
2025-06-04T21:04:14.00Z,29.3,66.0
2025-06-04T21:04:15.00Z,29.9,66.0
2025-06-04T21:04:16.00Z,29.2,66.0
2025-06-04T21:04:17.00Z,29.1,65.0
2025-06-04T21:04:17.00Z,29.9,66.0
2025-06-04T21:04:19.00Z,29.0,65.0
2025-06-04T21:04:20.00Z,29.2,66.0
2025-06-04T21:04:21.00Z,29.5,65.0
2025-06-04T21:04:22.00Z,29.4,65.0
2025-06-04T21:04:23.00Z,29.6,65.0
2025-06-04T21:04:23.00Z,29.5,65.0
2025-06-04T21:04:25.00Z,29.4,65.0
2025-06-04T21:04:26.00Z,29.0,65.0
2025-06-04T21:04:27.00Z,29.2,65.0
2025-06-04T21:04:28.00Z,29.5,65.0
2025-06-04T21:04:29.00Z,29.3,65.0
2025-06-04T21:04:29.00Z,29.5,66.0
2025-06-04T21:04:31.00Z,29.9,65.0
2025-06-04T21:04:32.00Z,29.9,65.0
2025-06-04T21:04:33.00Z,29.3,66.0
2025-06-04T21:04:34.00Z,29.3,66.0
2025-06-04T21:04:35.00Z,29.6,65.0
2025-06-04T21:04:35.00Z,29.6,66.0
2025-06-04T21:04:37.00Z,29.4,65.0
2025-06-04T21:04:38.00Z,29.1,65.0
2025-06-04T21:04:39.00Z,29.8,65.0
2025-06-04T21:04:40.00Z,29.1,66.0
2025-06-04T21:04:41.00Z,29.6,65.0
2025-06-04T21:04:41.00Z,29.5,66.0
2025-06-04T21:04:43.00Z,29.5,65.0
2025-06-04T21:04:44.00Z,29.8,65.0
2025-06-04T21:04:45.00Z,29.4,65.0
2025-06-04T21:04:46.00Z,29.3,65.0
2025-06-04T21:04:47.00Z,29.3,66.0
2025-06-04T21:04:47.00Z,29.4,66.0
2025-06-04T21:04:49.00Z,29.0,65.0
2025-06-04T21:04:50.00Z,29.1,65.0
2025-06-04T21:04:51.00Z,29.6,66.0
2025-06-04T21:04:52.00Z,29.5,65.0
2025-06-04T21:04:53.00Z,29.7,65.0
2025-06-04T21:04:53.00Z,29.7,65.0
2025-06-04T21:04:55.00Z,29.4,65.0
2025-06-04T21:04:56.00Z,29.9,65.0
2025-06-04T21:04:57.00Z,29.0,65.0
2025-06-04T21:04:58.00Z,29.5,66.0
2025-06-04T21:04:59.00Z,29.2,65.0
2025-06-04T21:04:59.00Z,29.0,65.0
2025-06-04T21:05:01.00Z,29.1,66.0
2025-06-04T21:05:02.00Z,29.2,65.0
2025-06-04T21:05:03.00Z,29.8,65.0
2025-06-04T21:05:04.00Z,29.6,66.0
2025-06-04T21:05:05.00Z,29.8,65.0
2025-06-04T21:05:05.00Z,29.8,66.0
2025-06-04T21:05:07.00Z,29.2,66.0
2025-06-04T21:05:08.00Z,29.6,65.0
2025-06-04T21:05:09.00Z,29.5,66.0
2025-06-04T21:05:10.00Z,29.0,65.0
2025-06-04T21:05:11.00Z,29.2,66.0
2025-06-04T21:05:11.00Z,29.4,66.0
2025-06-04T21:05:13.00Z,29.7,66.0
2025-06-04T21:05:14.00Z,29.1,65.0
2025-06-04T21:05:15.00Z,29.4,65.0
2025-06-04T21:05:16.00Z,29.0,65.0
2025-06-04T21:05:17.00Z,29.8,66.0
2025-06-04T21:05:17.00Z,29.3,66.0
2025-06-04T21:05:19.00Z,29.4,66.0
2025-06-04T21:05:20.00Z,29.4,66.0
2025-06-04T21:05:21.00Z,29.6,66.0
2025-06-04T21:05:22.00Z,29.5,66.0
2025-06-04T21:05:23.00Z,29.5,66.0
2025-06-04T21:05:23.00Z,29.1,66.0
2025-06-04T21:05:25.00Z,29.2,66.0
2025-06-04T21:05:26.00Z,29.2,66.0
2025-06-04T21:05:27.00Z,29.9,66.0
2025-06-04T21:05:28.00Z,29.6,66.0
2025-06-04T21:05:29.00Z,29.8,66.0
2025-06-04T21:05:29.00Z,29.8,66.0
2025-06-04T21:05:31.00Z,29.7,66.0
2025-06-04T21:05:32.00Z,29.8,66.0
2025-06-04T21:05:33.00Z,29.4,66.0
2025-06-04T21:05:34.00Z,29.5,66.0
2025-06-04T21:05:35.00Z,29.8,66.0
2025-06-04T21:05:35.00Z,29.1,66.0
2025-06-04T21:05:37.00Z,29.1,66.0
2025-06-04T21:05:38.00Z,29.8,66.0
2025-06-04T21:05:39.00Z,29.3,65.0
2025-06-04T21:05:40.00Z,29.0,66.0
2025-06-04T21:05:41.00Z,29.0,66.0
2025-06-04T21:05:41.00Z,29.1,65.0
2025-06-04T21:05:43.00Z,29.2,65.0
2025-06-04T21:05:44.00Z,29.2,66.0
2025-06-04T21:05:45.00Z,29.6,66.0
2025-06-04T21:05:46.00Z,29.9,66.0
2025-06-04T21:05:47.00Z,29.5,66.0
2025-06-04T21:05:47.00Z,29.4,65.0
2025-06-04T21:05:49.00Z,29.8,66.0
2025-06-04T21:05:50.00Z,29.9,66.0
2025-06-04T21:05:51.00Z,29.8,66.0
2025-06-04T21:05:52.00Z,29.6,66.0
2025-06-04T21:05:53.00Z,29.4,66.0
2025-06-04T21:05:53.00Z,29.9,66.0
2025-06-04T21:05:55.00Z,29.7,66.0
2025-06-04T21:05:56.00Z,29.0,66.0
2025-06-04T21:05:57.00Z,29.5,66.0
2025-06-04T21:05:58.00Z,29.1,66.0
2025-06-04T21:05:59.00Z,29.0,66.0
2025-06-04T21:05:59.00Z,29.6,66.0
2025-06-04T21:06:01.00Z,29.8,66.0
2025-06-04T21:06:02.00Z,29.0,66.0
2025-06-04T21:06:03.00Z,29.5,66.0
2025-06-04T21:06:04.00Z,29.2,66.0
2025-06-04T21:06:05.00Z,29.8,66.0
2025-06-04T21:06:05.00Z,29.8,65.0
2025-06-04T21:06:07.00Z,29.3,66.0
2025-06-04T21:06:08.00Z,29.5,66.0
2025-06-04T21:06:09.00Z,29.8,66.0
2025-06-04T21:06:10.00Z,29.2,66.0
2025-06-04T21:06:11.00Z,29.7,66.0
2025-06-04T21:06:11.00Z,29.0,66.0
2025-06-04T21:06:13.00Z,29.3,66.0
2025-06-04T21:06:14.00Z,29.7,66.0
2025-06-04T21:06:15.00Z,29.8,66.0
2025-06-04T21:06:16.00Z,29.4,66.0
2025-06-04T21:06:17.00Z,29.6,66.0
2025-06-04T21:06:17.00Z,29.3,66.0
2025-06-04T21:06:19.00Z,29.5,66.0
2025-06-04T21:06:20.00Z,29.6,66.0
2025-06-04T21:06:21.00Z,29.3,65.0
2025-06-04T21:06:22.00Z,29.7,66.0
2025-06-04T21:06:23.00Z,29.4,66.0
2025-06-04T21:06:23.00Z,29.0,66.0
2025-06-04T21:06:25.00Z,29.5,66.0
2025-06-04T21:06:26.00Z,29.1,66.0
2025-06-04T21:06:27.00Z,29.2,66.0
2025-06-04T21:06:28.00Z,29.0,66.0
2025-06-04T21:06:29.00Z,29.3,66.0
2025-06-04T21:06:29.00Z,29.8,66.0
2025-06-04T21:06:31.00Z,29.0,65.0
2025-06-04T21:06:32.00Z,29.3,66.0
2025-06-04T21:06:33.00Z,29.5,66.0
2025-06-04T21:06:34.00Z,29.7,66.0
2025-06-04T21:06:35.00Z,29.4,66.0
2025-06-04T21:06:35.00Z,29.7,66.0
2025-06-04T21:06:37.00Z,29.8,66.0
2025-06-04T21:06:38.00Z,29.6,66.0
2025-06-04T21:06:39.00Z,29.4,66.0
2025-06-04T21:06:40.00Z,29.1,66.0
2025-06-04T21:06:41.00Z,29.4,66.0
2025-06-04T21:06:41.00Z,29.2,66.0
2025-06-04T21:06:43.00Z,29.7,66.0
2025-06-04T21:06:44.00Z,29.5,66.0
2025-06-04T21:06:45.00Z,29.1,66.0
2025-06-04T21:06:46.00Z,29.6,66.0
2025-06-04T21:06:47.00Z,29.0,66.0
2025-06-04T21:06:47.00Z,29.8,66.0
2025-06-04T21:06:49.00Z,29.8,66.0
2025-06-04T21:06:50.00Z,29.8,66.0
2025-06-04T21:06:51.00Z,29.3,66.0
2025-06-04T21:06:52.00Z,29.0,66.0
2025-06-04T21:06:53.00Z,29.4,66.0
2025-06-04T21:06:53.00Z,29.9,66.0
2025-06-04T21:06:55.00Z,29.5,66.0
2025-06-04T21:06:56.00Z,29.9,66.0
2025-06-04T21:06:57.00Z,29.7,66.0
2025-06-04T21:06:58.00Z,29.7,65.0
2025-06-04T21:06:59.00Z,29.7,66.0
2025-06-04T21:06:59.00Z,29.5,66.0
2025-06-04T21:07:01.00Z,29.1,65.0
2025-06-04T21:07:02.00Z,29.5,65.0
2025-06-04T21:07:03.00Z,29.2,66.0
2025-06-04T21:07:04.00Z,29.3,66.0
2025-06-04T21:07:05.00Z,29.4,65.0
2025-06-04T21:07:05.00Z,29.5,66.0
2025-06-04T21:07:07.00Z,29.4,66.0
2025-06-04T21:07:08.00Z,29.0,66.0
2025-06-04T21:07:09.00Z,29.7,66.0
2025-06-04T21:07:10.00Z,29.3,65.0
2025-06-04T21:07:11.00Z,29.8,65.0
2025-06-04T21:07:11.00Z,29.1,66.0
2025-06-04T21:07:13.00Z,29.2,65.0
2025-06-04T21:07:14.00Z,29.9,65.0
2025-06-04T21:07:15.00Z,29.2,66.0
2025-06-04T21:07:16.00Z,29.5,65.0
2025-06-04T21:07:17.00Z,29.2,65.0
2025-06-04T21:07:17.00Z,29.5,65.0
2025-06-04T21:07:19.00Z,29.1,66.0
2025-06-04T21:07:20.00Z,29.0,65.0
2025-06-04T21:07:21.00Z,29.6,65.0
2025-06-04T21:07:22.00Z,29.3,65.0
2025-06-04T21:07:23.00Z,29.0,65.0
2025-06-04T21:07:23.00Z,29.2,65.0
2025-06-04T21:07:25.00Z,29.4,65.0
2025-06-04T21:07:26.00Z,29.3,65.0
2025-06-04T21:07:27.00Z,29.7,65.0
2025-06-04T21:07:28.00Z,29.8,66.0
2025-06-04T21:07:29.00Z,29.9,65.0
2025-06-04T21:07:29.00Z,29.8,65.0
2025-06-04T21:07:31.00Z,29.8,65.0
2025-06-04T21:07:32.00Z,29.8,65.0
2025-06-04T21:07:33.00Z,29.2,66.0
2025-06-04T21:07:34.00Z,29.4,66.0
2025-06-04T21:07:35.00Z,29.8,66.0
2025-06-04T21:07:35.00Z,29.7,66.0
2025-06-04T21:07:37.00Z,29.5,65.0
2025-06-04T21:07:38.00Z,29.1,65.0
2025-06-04T21:07:39.00Z,29.0,65.0
2025-06-04T21:07:40.00Z,29.0,65.0
2025-06-04T21:07:41.00Z,29.2,66.0
2025-06-04T21:07:41.00Z,29.5,65.0
2025-06-04T21:07:43.00Z,29.2,65.0
2025-06-04T21:07:44.00Z,29.7,65.0
2025-06-04T21:07:45.00Z,29.9,65.0
2025-06-04T21:07:46.00Z,29.0,65.0
2025-06-04T21:07:47.00Z,29.1,65.0
2025-06-04T21:07:47.00Z,29.2,65.0
2025-06-04T21:07:49.00Z,29.1,65.0
2025-06-04T21:07:50.00Z,29.0,65.0
2025-06-04T21:07:51.00Z,29.9,65.0
2025-06-04T21:07:52.00Z,29.2,65.0
2025-06-04T21:07:53.00Z,29.1,65.0
2025-06-04T21:07:53.00Z,29.7,65.0
2025-06-04T21:07:55.00Z,29.9,65.0
2025-06-04T21:07:56.00Z,29.1,65.0
2025-06-04T21:07:57.00Z,29.1,65.0
2025-06-04T21:07:58.00Z,29.2,65.0
2025-06-04T21:07:59.00Z,29.4,65.0
2025-06-04T21:07:59.00Z,29.6,65.0
2025-06-04T21:08:01.00Z,29.3,65.0
2025-06-04T21:08:02.00Z,29.4,65.0
2025-06-04T21:08:03.00Z,29.9,65.0
2025-06-04T21:08:04.00Z,29.2,65.0
2025-06-04T21:08:05.00Z,29.2,65.0
2025-06-04T21:08:05.00Z,29.8,65.0
2025-06-04T21:08:07.00Z,29.9,65.0
2025-06-04T21:08:08.00Z,29.4,65.0
2025-06-04T21:08:09.00Z,29.6,65.0
2025-06-04T21:08:10.00Z,29.6,65.0
2025-06-04T21:08:11.00Z,29.8,65.0
2025-06-04T21:08:11.00Z,29.3,65.0
2025-06-04T21:08:13.00Z,29.7,65.0
2025-06-04T21:08:14.00Z,29.4,65.0
2025-06-04T21:08:15.00Z,29.8,65.0
2025-06-04T21:08:16.00Z,29.7,65.0
2025-06-04T21:08:17.00Z,29.3,65.0
2025-06-04T21:08:17.00Z,29.4,65.0
2025-06-04T21:08:19.00Z,29.9,65.0
2025-06-04T21:08:20.00Z,29.1,65.0
2025-06-04T21:08:21.00Z,29.4,65.0
2025-06-04T21:08:22.00Z,29.5,65.0
2025-06-04T21:08:23.00Z,29.7,65.0
2025-06-04T21:08:23.00Z,29.4,65.0
2025-06-04T21:08:25.00Z,29.5,65.0
2025-06-04T21:08:26.00Z,29.5,65.0
2025-06-04T21:08:27.00Z,29.8,65.0
2025-06-04T21:08:28.00Z,29.4,65.0
2025-06-04T21:08:29.00Z,29.2,65.0
2025-06-04T21:08:29.00Z,29.6,65.0
2025-06-04T21:08:31.00Z,29.6,65.0
2025-06-04T21:08:32.00Z,29.3,65.0
2025-06-04T21:08:33.00Z,29.7,65.0
2025-06-04T21:08:34.00Z,29.1,65.0
2025-06-04T21:08:35.00Z,29.4,65.0
2025-06-04T21:08:35.00Z,29.5,65.0
2025-06-04T21:08:37.00Z,29.6,65.0
2025-06-04T21:08:38.00Z,29.2,65.0
2025-06-04T21:08:39.00Z,29.7,65.0
2025-06-04T21:08:40.00Z,29.1,65.0
2025-06-04T21:08:41.00Z,29.3,65.0
2025-06-04T21:08:41.00Z,29.2,65.0
2025-06-04T21:08:43.00Z,29.6,65.0
2025-06-04T21:08:44.00Z,29.4,65.0
2025-06-04T21:08:45.00Z,29.4,65.0
2025-06-04T21:08:46.00Z,29.2,65.0
2025-06-04T21:08:47.00Z,29.4,65.0
2025-06-04T21:08:47.00Z,29.2,65.0
2025-06-04T21:08:49.00Z,29.3,65.0
2025-06-04T21:08:50.00Z,29.2,65.0
2025-06-04T21:08:51.00Z,29.6,65.0
2025-06-04T21:08:52.00Z,29.4,65.0
2025-06-04T21:08:53.00Z,29.2,65.0
2025-06-04T21:08:53.00Z,29.5,65.0
2025-06-04T21:08:55.00Z,29.8,65.0
2025-06-04T21:08:56.00Z,29.8,65.0
2025-06-04T21:08:57.00Z,29.7,65.0
2025-06-04T21:08:58.00Z,29.0,65.0
2025-06-04T21:08:59.00Z,29.4,65.0
2025-06-04T21:08:59.00Z,29.5,65.0
2025-06-04T21:09:01.00Z,29.8,65.0
2025-06-04T21:09:02.00Z,29.9,65.0
2025-06-04T21:09:03.00Z,29.3,65.0
2025-06-04T21:09:04.00Z,29.7,65.0
2025-06-04T21:09:05.00Z,29.7,65.0
2025-06-04T21:09:05.00Z,29.0,65.0
2025-06-04T21:09:07.00Z,29.1,65.0
2025-06-04T21:09:08.00Z,29.6,65.0
2025-06-04T21:09:09.00Z,29.5,65.0
2025-06-04T21:09:10.00Z,29.9,65.0
2025-06-04T21:09:11.00Z,29.1,65.0
2025-06-04T21:09:11.00Z,29.4,65.0
2025-06-04T21:09:13.00Z,29.7,65.0
2025-06-04T21:09:14.00Z,29.3,65.0
2025-06-04T21:09:15.00Z,29.8,65.0
2025-06-04T21:09:16.00Z,29.9,65.0
2025-06-04T21:09:17.00Z,29.5,65.0
2025-06-04T21:09:17.00Z,29.7,65.0
2025-06-04T21:09:19.00Z,29.9,65.0
2025-06-04T21:09:20.00Z,29.7,65.0
2025-06-04T21:09:21.00Z,29.4,65.0
2025-06-04T21:09:22.00Z,29.7,65.0
2025-06-04T21:09:23.00Z,29.0,65.0
2025-06-04T21:09:23.00Z,29.0,65.0
2025-06-04T21:09:25.00Z,29.8,65.0
2025-06-04T21:09:26.00Z,29.7,65.0
2025-06-04T21:09:27.00Z,29.4,65.0
2025-06-04T21:09:28.00Z,29.3,65.0
2025-06-04T21:09:29.00Z,29.3,65.0
2025-06-04T21:09:29.00Z,29.2,65.0
2025-06-04T21:09:31.00Z,29.5,65.0
2025-06-04T21:09:32.00Z,29.6,65.0
2025-06-04T21:09:33.00Z,29.9,65.0
2025-06-04T21:09:34.00Z,29.3,65.0
2025-06-04T21:09:35.00Z,29.1,65.0
2025-06-04T21:09:35.00Z,29.8,65.0
2025-06-04T21:09:37.00Z,29.4,65.0
2025-06-04T21:09:38.00Z,29.2,65.0
2025-06-04T21:09:39.00Z,29.7,65.0
2025-06-04T21:09:40.00Z,29.5,65.0
2025-06-04T21:09:41.00Z,29.9,65.0
2025-06-04T21:09:41.00Z,29.4,65.0
2025-06-04T21:09:43.00Z,29.5,65.0
2025-06-04T21:09:44.00Z,29.5,65.0
2025-06-04T21:09:45.00Z,29.0,65.0
2025-06-04T21:09:46.00Z,29.5,65.0
2025-06-04T21:09:47.00Z,29.8,65.0
2025-06-04T21:09:47.00Z,29.8,65.0
2025-06-04T21:09:49.00Z,29.8,65.0
2025-06-04T21:09:50.00Z,29.8,65.0
2025-06-04T21:09:51.00Z,29.9,65.0
2025-06-04T21:09:52.00Z,29.1,65.0
2025-06-04T21:09:53.00Z,29.4,65.0
2025-06-04T21:09:53.00Z,29.8,65.0
2025-06-04T21:09:55.00Z,29.8,65.0
2025-06-04T21:09:56.00Z,29.9,65.0
2025-06-04T21:09:57.00Z,29.3,65.0
2025-06-04T21:09:58.00Z,29.1,65.0
2025-06-04T21:09:59.00Z,29.3,65.0
2025-06-04T21:09:59.00Z,29.4,65.0
2025-06-04T21:10:01.00Z,29.8,65.0
2025-06-04T21:10:02.00Z,29.7,65.0
2025-06-04T21:10:03.00Z,29.0,65.0
2025-06-04T21:10:04.00Z,29.5,65.0
2025-06-04T21:10:05.00Z,29.9,65.0
2025-06-04T21:10:05.00Z,29.3,65.0
2025-06-04T21:10:07.00Z,29.2,65.0
2025-06-04T21:10:08.00Z,29.8,65.0
2025-06-04T21:10:09.00Z,29.9,65.0
2025-06-04T21:10:10.00Z,29.5,65.0
2025-06-04T21:10:11.00Z,29.4,65.0
2025-06-04T21:10:11.00Z,29.0,65.0
2025-06-04T21:10:13.00Z,29.0,65.0
2025-06-04T21:10:14.00Z,29.2,65.0
2025-06-04T21:10:15.00Z,29.2,65.0
2025-06-04T21:10:16.00Z,29.0,65.0
2025-06-04T21:10:17.00Z,29.2,65.0
2025-06-04T21:10:17.00Z,29.8,65.0
2025-06-04T21:10:19.00Z,29.0,65.0
2025-06-04T21:10:20.00Z,29.1,65.0
2025-06-04T21:10:21.00Z,29.6,65.0
2025-06-04T21:10:22.00Z,29.4,65.0
2025-06-04T21:10:23.00Z,29.5,65.0
2025-06-04T21:10:23.00Z,29.3,65.0
2025-06-04T21:10:25.00Z,29.3,65.0
2025-06-04T21:10:26.00Z,29.5,65.0
2025-06-04T21:10:27.00Z,29.2,65.0
2025-06-04T21:10:28.00Z,29.3,65.0
2025-06-04T21:10:29.00Z,29.5,65.0
2025-06-04T21:10:29.00Z,29.6,65.0
2025-06-04T21:10:31.00Z,29.8,65.0
2025-06-04T21:10:32.00Z,29.4,65.0
2025-06-04T21:10:33.00Z,29.0,65.0
2025-06-04T21:10:34.00Z,29.7,65.0
2025-06-04T21:10:35.00Z,29.9,65.0
2025-06-04T21:10:35.00Z,29.4,65.0
2025-06-04T21:10:37.00Z,29.0,65.0
2025-06-04T21:10:38.00Z,29.4,65.0
2025-06-04T21:10:39.00Z,29.6,65.0
2025-06-04T21:10:40.00Z,29.0,65.0
2025-06-04T21:10:41.00Z,29.4,65.0
2025-06-04T21:10:41.00Z,29.2,65.0
2025-06-04T21:10:43.00Z,29.4,65.0
2025-06-04T21:10:44.00Z,29.4,65.0
2025-06-04T21:10:45.00Z,29.8,65.0
2025-06-04T21:10:46.00Z,29.9,65.0
2025-06-04T21:10:47.00Z,29.4,65.0
2025-06-04T21:10:47.00Z,29.1,65.0
2025-06-04T21:10:49.00Z,29.4,65.0
2025-06-04T21:10:50.00Z,29.1,65.0
2025-06-04T21:10:51.00Z,29.9,65.0
2025-06-04T21:10:52.00Z,29.5,65.0
2025-06-04T21:10:53.00Z,29.0,65.0
2025-06-04T21:10:53.00Z,29.7,65.0
2025-06-04T21:10:55.00Z,29.1,65.0
2025-06-04T21:10:56.00Z,29.6,65.0
2025-06-04T21:10:57.00Z,29.3,65.0
2025-06-04T21:10:58.00Z,29.7,65.0
2025-06-04T21:10:59.00Z,29.3,65.0
2025-06-04T21:10:59.00Z,29.5,65.0
2025-06-04T21:11:01.00Z,29.5,65.0
2025-06-04T21:11:02.00Z,29.7,65.0
2025-06-04T21:11:03.00Z,29.6,65.0
2025-06-04T21:11:04.00Z,29.5,65.0
2025-06-04T21:11:05.00Z,29.9,65.0
2025-06-04T21:11:05.00Z,29.5,65.0
2025-06-04T21:11:07.00Z,29.7,65.0
2025-06-04T21:11:08.00Z,29.0,65.0
2025-06-04T21:11:09.00Z,29.2,65.0
2025-06-04T21:11:10.00Z,29.9,65.0
2025-06-04T21:11:11.00Z,29.2,65.0
2025-06-04T21:11:11.00Z,29.4,65.0
2025-06-04T21:11:13.00Z,29.3,65.0
2025-06-04T21:11:14.00Z,29.0,65.0
2025-06-04T21:11:15.00Z,29.9,65.0
2025-06-04T21:11:16.00Z,29.0,65.0
2025-06-04T21:11:17.00Z,29.3,65.0
2025-06-04T21:11:17.00Z,29.5,65.0
2025-06-04T21:11:19.00Z,29.9,65.0
2025-06-04T21:11:20.00Z,29.0,65.0
2025-06-04T21:11:21.00Z,29.1,65.0
2025-06-04T21:11:22.00Z,29.7,65.0
2025-06-04T21:11:23.00Z,29.3,65.0
2025-06-04T21:11:24.00Z,29.1,65.0
2025-06-04T21:11:25.00Z,29.6,65.0
2025-06-04T21:11:26.00Z,29.1,65.0
2025-06-04T21:11:27.00Z,29.9,65.0
2025-06-04T21:11:28.00Z,29.7,65.0
2025-06-04T21:11:29.00Z,29.5,65.0
2025-06-04T21:11:29.00Z,29.0,65.0
2025-06-04T21:11:31.00Z,29.0,65.0
2025-06-04T21:11:32.00Z,29.8,65.0
2025-06-04T21:11:33.00Z,29.0,65.0
2025-06-04T21:11:34.00Z,29.4,65.0
2025-06-04T21:11:35.00Z,29.2,65.0
2025-06-04T21:11:35.00Z,29.6,65.0
2025-06-04T21:11:37.00Z,29.1,65.0
2025-06-04T21:11:38.00Z,29.8,65.0
2025-06-04T21:11:39.00Z,29.1,65.0
2025-06-04T21:11:40.00Z,29.2,65.0
2025-06-04T21:11:41.00Z,29.2,65.0
2025-06-04T21:11:41.00Z,29.2,65.0
2025-06-04T21:11:43.00Z,29.5,65.0
2025-06-04T21:11:44.00Z,29.5,65.0
2025-06-04T21:11:45.00Z,29.4,65.0
2025-06-04T21:11:46.00Z,29.3,65.0
2025-06-04T21:11:47.00Z,29.6,65.0
2025-06-04T21:11:47.00Z,29.9,65.0
2025-06-04T21:11:49.00Z,29.5,65.0
2025-06-04T21:11:50.00Z,29.3,65.0
2025-06-04T21:11:51.00Z,29.4,65.0
2025-06-04T21:11:51.99Z,29.9,65.0
2025-06-04T21:11:53.00Z,29.6,65.0
2025-06-04T21:11:53.00Z,29.5,65.0
2025-06-04T21:11:55.00Z,29.1,65.0
2025-06-04T21:11:56.00Z,29.2,65.0
2025-06-04T21:11:57.00Z,29.6,65.0
2025-06-04T21:11:58.00Z,29.3,65.0
2025-06-04T21:11:59.00Z,29.7,65.0
2025-06-04T21:12:00.00Z,29.3,65.0
2025-06-04T21:12:01.00Z,29.2,65.0
2025-06-04T21:12:02.00Z,29.2,65.0
2025-06-04T21:12:03.00Z,29.1,65.0
2025-06-04T21:12:04.00Z,29.0,65.0
2025-06-04T21:12:05.00Z,29.2,65.0
2025-06-04T21:12:06.00Z,29.9,65.0
2025-06-04T21:12:07.00Z,29.3,65.0
2025-06-04T21:12:08.00Z,29.4,65.0
2025-06-04T21:12:09.00Z,29.7,65.0
2025-06-04T21:12:10.00Z,29.8,65.0
2025-06-04T21:12:11.00Z,29.7,65.0
2025-06-04T21:12:12.00Z,29.6,65.0
2025-06-04T21:12:13.00Z,29.6,65.0
2025-06-04T21:12:14.00Z,29.2,65.0
2025-06-04T21:12:15.00Z,29.1,65.0
2025-06-04T21:12:16.00Z,29.8,65.0
2025-06-04T21:12:17.00Z,29.1,65.0
2025-06-04T21:12:18.00Z,29.4,65.0
2025-06-04T21:12:19.00Z,29.8,65.0
2025-06-04T21:12:20.00Z,29.7,65.0
2025-06-04T21:12:21.00Z,29.1,65.0
2025-06-04T21:12:22.00Z,29.5,65.0
2025-06-04T21:12:23.00Z,29.3,65.0
2025-06-04T21:12:24.00Z,29.3,65.0
2025-06-04T21:12:25.00Z,29.7,65.0
2025-06-04T21:12:26.00Z,29.0,65.0
2025-06-04T21:12:27.00Z,29.8,65.0
2025-06-04T21:12:28.00Z,29.3,65.0
2025-06-04T21:12:29.00Z,29.5,65.0
2025-06-04T21:12:30.00Z,29.0,65.0
2025-06-04T21:12:31.00Z,29.6,65.0
2025-06-04T21:12:32.00Z,29.4,65.0
2025-06-04T21:12:33.00Z,29.6,65.0
2025-06-04T21:12:34.00Z,29.6,65.0
2025-06-04T21:12:35.00Z,29.8,65.0
2025-06-04T21:12:36.00Z,29.6,65.0
2025-06-04T21:12:37.00Z,29.4,65.0
2025-06-04T21:12:38.00Z,29.4,65.0
2025-06-04T21:12:39.00Z,29.7,65.0
2025-06-04T21:12:40.00Z,29.2,65.0
2025-06-04T21:12:41.00Z,29.9,65.0
2025-06-04T21:12:42.00Z,29.6,65.0
2025-06-04T21:12:43.00Z,29.0,65.0
2025-06-04T21:12:44.00Z,29.8,65.0
2025-06-04T21:12:45.00Z,29.7,65.0
2025-06-04T21:12:46.00Z,29.2,65.0
2025-06-04T21:12:47.00Z,29.7,65.0
2025-06-04T21:12:48.00Z,29.1,65.0
2025-06-04T21:12:49.00Z,29.9,65.0
2025-06-04T21:12:50.00Z,29.4,65.0
2025-06-04T21:12:51.00Z,29.7,65.0
2025-06-04T21:12:52.00Z,29.9,65.0
2025-06-04T21:12:53.00Z,29.0,65.0
2025-06-04T21:12:54.00Z,29.9,65.0
2025-06-04T21:12:55.00Z,29.9,65.0
2025-06-04T21:12:56.00Z,29.8,65.0
2025-06-04T21:12:57.00Z,29.8,65.0
2025-06-04T21:12:58.00Z,29.4,65.0
2025-06-04T21:12:59.00Z,29.6,65.0
2025-06-04T21:13:00.00Z,29.1,65.0
2025-06-04T21:13:01.00Z,29.7,65.0
2025-06-04T21:13:02.00Z,29.6,65.0
2025-06-04T21:13:03.00Z,29.3,65.0
2025-06-04T21:13:04.00Z,29.1,65.0
2025-06-04T21:13:05.00Z,29.5,65.0
2025-06-04T21:13:06.00Z,29.0,65.0
2025-06-04T21:13:07.00Z,29.2,65.0
2025-06-04T21:13:08.00Z,29.6,65.0
2025-06-04T21:13:09.00Z,29.4,65.0
2025-06-04T21:13:10.00Z,29.8,65.0
2025-06-04T21:13:11.00Z,29.4,65.0
2025-06-04T21:13:12.00Z,29.6,65.0
2025-06-04T21:13:13.00Z,29.3,65.0
2025-06-04T21:13:14.00Z,29.6,65.0
2025-06-04T21:13:15.00Z,29.7,65.0
2025-06-04T21:13:16.00Z,29.2,65.0
2025-06-04T21:13:17.00Z,29.3,65.0
2025-06-04T21:13:18.00Z,29.7,65.0
2025-06-04T21:13:19.00Z,29.3,65.0
2025-06-04T21:13:20.00Z,29.3,65.0
2025-06-04T21:13:21.00Z,29.5,65.0
2025-06-04T21:13:22.00Z,29.2,65.0
2025-06-04T21:13:23.00Z,29.7,65.0
2025-06-04T21:13:24.00Z,29.4,65.0
2025-06-04T21:13:25.00Z,29.8,65.0
2025-06-04T21:13:26.00Z,29.2,65.0
2025-06-04T21:13:27.00Z,29.1,65.0
2025-06-04T21:13:28.00Z,29.6,65.0
2025-06-04T21:13:29.00Z,29.0,65.0
2025-06-04T21:13:30.00Z,29.0,65.0
2025-06-04T21:13:31.00Z,29.6,65.0
2025-06-04T21:13:32.00Z,29.5,65.0
2025-06-04T21:13:33.00Z,29.5,65.0
2025-06-04T21:13:34.00Z,29.2,65.0
2025-06-04T21:13:35.00Z,29.1,65.0
2025-06-04T21:13:36.00Z,29.5,65.0
2025-06-04T21:13:37.00Z,29.9,65.0
2025-06-04T21:13:38.00Z,29.3,65.0
2025-06-04T21:13:39.00Z,29.4,65.0
2025-06-04T21:13:40.00Z,29.5,65.0
2025-06-04T21:13:41.00Z,29.8,65.0
2025-06-04T21:13:42.00Z,29.2,65.0
2025-06-04T21:13:43.00Z,29.1,65.0
2025-06-04T21:13:44.00Z,29.7,65.0
2025-06-04T21:13:45.00Z,29.3,65.0
2025-06-04T21:13:46.00Z,29.5,65.0
2025-06-04T21:13:47.00Z,29.8,65.0
2025-06-04T21:13:48.00Z,29.9,65.0
2025-06-04T21:13:49.00Z,29.5,65.0
2025-06-04T21:13:50.00Z,29.9,65.0
2025-06-04T21:13:51.00Z,29.2,65.0
2025-06-04T21:13:52.00Z,29.3,65.0
2025-06-04T21:13:53.00Z,29.3,65.0
2025-06-04T21:13:54.00Z,29.4,65.0
2025-06-04T21:13:55.00Z,29.8,65.0
2025-06-04T21:13:56.00Z,29.8,65.0
2025-06-04T21:13:57.00Z,29.2,65.0
2025-06-04T21:13:58.00Z,29.2,64.0
2025-06-04T21:13:59.00Z,29.0,65.0
2025-06-04T21:14:00.00Z,29.3,65.0
2025-06-04T21:14:01.00Z,29.3,65.0
2025-06-04T21:14:02.00Z,29.4,65.0
2025-06-04T21:14:03.00Z,29.5,65.0
2025-06-04T21:14:04.00Z,29.2,65.0
2025-06-04T21:14:05.00Z,29.9,65.0
2025-06-04T21:14:06.00Z,29.4,65.0
2025-06-04T21:14:07.00Z,29.7,65.0
2025-06-04T21:14:08.00Z,29.3,65.0
2025-06-04T21:14:09.00Z,29.5,65.0
2025-06-04T21:14:10.00Z,29.8,65.0
2025-06-04T21:14:11.00Z,29.6,65.0
2025-06-04T21:14:12.00Z,29.5,65.0
2025-06-04T21:14:13.00Z,29.9,65.0
2025-06-04T21:14:14.00Z,29.6,65.0
2025-06-04T21:14:15.00Z,29.4,65.0
2025-06-04T21:14:16.00Z,29.2,65.0
2025-06-04T21:14:17.00Z,29.7,65.0
2025-06-04T21:14:18.00Z,29.3,65.0
2025-06-04T21:14:19.00Z,29.3,65.0
2025-06-04T21:14:20.00Z,29.4,65.0
2025-06-04T21:14:21.00Z,29.6,65.0
2025-06-04T21:14:22.00Z,29.8,65.0
2025-06-04T21:14:23.00Z,29.9,65.0
2025-06-04T21:14:24.00Z,29.4,65.0
2025-06-04T21:14:25.00Z,29.6,65.0
2025-06-04T21:14:26.00Z,29.4,65.0
2025-06-04T21:14:27.00Z,29.2,65.0
2025-06-04T21:14:28.00Z,29.5,65.0
2025-06-04T21:14:29.00Z,29.7,65.0
2025-06-04T21:14:30.00Z,29.9,65.0
2025-06-04T21:14:31.00Z,29.6,65.0
2025-06-04T21:14:32.00Z,29.3,65.0
2025-06-04T21:14:33.00Z,29.3,65.0
2025-06-04T21:14:34.00Z,29.1,65.0
2025-06-04T21:14:35.00Z,29.6,65.0
2025-06-04T21:14:36.00Z,29.2,65.0
2025-06-04T21:14:37.00Z,29.7,65.0
2025-06-04T21:14:38.00Z,29.4,65.0
2025-06-04T21:14:39.00Z,29.6,65.0
2025-06-04T21:14:40.00Z,29.7,65.0
2025-06-04T21:14:41.00Z,29.0,65.0
2025-06-04T21:14:42.00Z,29.6,65.0
2025-06-04T21:14:43.00Z,29.8,65.0
2025-06-04T21:14:44.00Z,29.6,65.0
2025-06-04T21:14:45.00Z,29.7,65.0
2025-06-04T21:14:46.00Z,29.4,65.0
2025-06-04T21:14:47.00Z,29.6,65.0
2025-06-04T21:14:48.00Z,29.7,65.0
2025-06-04T21:14:49.00Z,29.2,65.0
2025-06-04T21:14:50.00Z,29.5,65.0
2025-06-04T21:14:51.00Z,29.5,65.0
2025-06-04T21:14:52.00Z,29.5,65.0
2025-06-04T21:14:53.00Z,29.6,65.0
2025-06-04T21:14:54.00Z,29.0,65.0
2025-06-04T21:14:55.00Z,29.2,65.0
2025-06-04T21:14:56.00Z,29.7,65.0
2025-06-04T21:14:57.00Z,29.1,65.0
2025-06-04T21:14:58.00Z,29.2,65.0
2025-06-04T21:14:59.00Z,29.7,65.0
2025-06-04T21:15:00.00Z,29.1,65.0
2025-06-04T21:15:01.00Z,29.1,65.0
2025-06-04T21:15:02.00Z,29.6,65.0
2025-06-04T21:15:03.00Z,29.7,65.0
2025-06-04T21:15:04.00Z,29.4,65.0
2025-06-04T21:15:05.00Z,29.9,65.0
2025-06-04T21:15:06.00Z,29.6,65.0
2025-06-04T21:15:07.00Z,29.7,65.0
2025-06-04T21:15:08.00Z,29.9,65.0
2025-06-04T21:15:09.00Z,29.8,65.0
2025-06-04T21:15:10.00Z,29.5,65.0
2025-06-04T21:15:11.00Z,29.1,65.0
2025-06-04T21:15:12.00Z,29.3,65.0
2025-06-04T21:15:13.00Z,29.6,65.0
2025-06-04T21:15:14.00Z,29.0,65.0
2025-06-04T21:15:15.00Z,29.7,65.0
2025-06-04T21:15:16.00Z,29.4,65.0
2025-06-04T21:15:17.00Z,29.9,65.0
2025-06-04T21:15:18.00Z,29.5,65.0
2025-06-04T21:15:19.00Z,29.0,65.0
2025-06-04T21:15:20.00Z,29.0,65.0
2025-06-04T21:15:21.00Z,29.9,65.0
2025-06-04T21:15:22.00Z,29.1,65.0
2025-06-04T21:15:23.00Z,29.9,65.0
2025-06-04T21:15:23.00Z,30.7,64.0
2025-06-04T21:15:25.00Z,29.8,65.0
2025-06-04T21:15:26.00Z,30.4,64.0
2025-06-04T21:15:27.00Z,29.5,65.0
2025-06-04T21:15:28.00Z,30.1,64.0
2025-06-04T21:15:29.00Z,30.8,64.0
2025-06-04T21:15:30.00Z,30.1,64.0
2025-06-04T21:15:31.00Z,30.9,64.0
2025-06-04T21:15:32.00Z,30.9,64.0
2025-06-04T21:15:33.00Z,30.4,64.0
2025-06-04T21:15:34.00Z,30.1,64.0
2025-06-04T21:15:35.00Z,30.5,64.0
2025-06-04T21:15:36.00Z,30.6,64.0
2025-06-04T21:15:37.00Z,30.1,64.0
2025-06-04T21:15:38.00Z,30.1,64.0
2025-06-04T21:15:39.00Z,30.7,64.0
2025-06-04T21:15:40.00Z,30.8,64.0
2025-06-04T21:15:41.00Z,30.7,64.0
2025-06-04T21:15:42.00Z,30.5,64.0
2025-06-04T21:15:43.00Z,30.4,64.0
2025-06-04T21:15:44.00Z,30.7,64.0
2025-06-04T21:15:45.00Z,30.8,64.0
2025-06-04T21:15:46.00Z,30.9,64.0
2025-06-04T21:15:47.00Z,30.2,64.0
2025-06-04T21:15:48.00Z,30.8,64.0
2025-06-04T21:15:49.00Z,30.3,64.0
2025-06-04T21:15:50.00Z,30.4,64.0
2025-06-04T21:15:51.00Z,30.6,64.0
2025-06-04T21:15:52.00Z,30.1,64.0
2025-06-04T21:15:53.00Z,30.3,64.0
2025-06-04T21:15:54.00Z,30.4,64.0
2025-06-04T21:15:55.00Z,30.2,64.0
2025-06-04T21:15:56.00Z,30.9,64.0
2025-06-04T21:15:57.00Z,30.6,64.0
2025-06-04T21:15:58.00Z,30.3,64.0
2025-06-04T21:15:59.00Z,30.5,64.0
2025-06-04T21:16:00.00Z,30.8,64.0
2025-06-04T21:16:01.00Z,30.8,64.0
2025-06-04T21:16:02.00Z,30.6,64.0
2025-06-04T21:16:03.00Z,30.2,64.0
2025-06-04T21:16:04.00Z,30.7,64.0
2025-06-04T21:16:05.00Z,30.9,64.0
2025-06-04T21:16:06.00Z,30.8,64.0
2025-06-04T21:16:07.00Z,30.5,64.0
2025-06-04T21:16:08.00Z,30.1,64.0
2025-06-04T21:16:09.00Z,30.4,64.0
2025-06-04T21:16:10.00Z,30.7,64.0
2025-06-04T21:16:11.00Z,30.9,64.0
2025-06-04T21:16:12.00Z,30.5,64.0
2025-06-04T21:16:13.00Z,30.6,64.0
2025-06-04T21:16:14.00Z,30.8,64.0
2025-06-04T21:16:15.00Z,30.8,64.0
2025-06-04T21:16:16.00Z,30.1,64.0
2025-06-04T21:16:17.00Z,30.5,64.0
2025-06-04T21:16:18.00Z,30.7,64.0
2025-06-04T21:16:19.00Z,30.0,64.0
2025-06-04T21:16:20.00Z,30.3,64.0
2025-06-04T21:16:21.00Z,30.8,64.0
2025-06-04T21:16:22.00Z,30.2,64.0
2025-06-04T21:16:23.00Z,30.5,64.0
2025-06-04T21:16:24.00Z,30.7,64.0
2025-06-04T21:16:25.00Z,30.9,64.0
2025-06-04T21:16:26.00Z,30.1,64.0
2025-06-04T21:16:27.00Z,30.2,64.0
2025-06-04T21:16:28.00Z,30.6,64.0
2025-06-04T21:16:29.00Z,30.3,64.0
2025-06-04T21:16:30.00Z,30.8,64.0
2025-06-04T21:16:31.00Z,30.5,64.0
2025-06-04T21:16:32.00Z,30.0,64.0
2025-06-04T21:16:33.00Z,30.8,64.0
2025-06-04T21:16:34.00Z,30.7,64.0
2025-06-04T21:16:35.00Z,30.2,64.0
2025-06-04T21:16:36.00Z,30.3,64.0
2025-06-04T21:16:37.00Z,30.0,64.0
2025-06-04T21:16:38.00Z,30.7,64.0
2025-06-04T21:16:39.00Z,30.5,64.0
2025-06-04T21:16:40.00Z,30.4,64.0
2025-06-04T21:16:41.00Z,30.7,64.0
2025-06-04T21:16:42.00Z,30.3,64.0
2025-06-04T21:16:43.00Z,30.1,64.0
2025-06-04T21:16:44.00Z,30.2,64.0
2025-06-04T21:16:45.00Z,30.2,64.0
2025-06-04T21:16:46.00Z,30.0,64.0
2025-06-04T21:16:47.00Z,30.9,64.0
2025-06-04T21:16:48.00Z,30.5,64.0
2025-06-04T21:16:49.00Z,30.8,64.0
2025-06-04T21:16:50.00Z,30.9,64.0
2025-06-04T21:16:51.00Z,30.1,64.0
2025-06-04T21:16:52.00Z,30.9,64.0
2025-06-04T21:16:53.00Z,30.9,64.0
2025-06-04T21:16:54.00Z,30.5,64.0
2025-06-04T21:16:55.00Z,30.8,64.0
2025-06-04T21:16:56.00Z,30.4,64.0
2025-06-04T21:16:57.00Z,30.7,64.0
2025-06-04T21:16:58.00Z,30.2,64.0
2025-06-04T21:16:59.00Z,30.3,64.0
2025-06-04T21:17:00.00Z,30.2,64.0
2025-06-04T21:17:01.00Z,30.4,64.0
2025-06-04T21:17:02.00Z,30.5,64.0
2025-06-04T21:17:03.00Z,30.9,64.0
2025-06-04T21:17:04.00Z,30.1,64.0
2025-06-04T21:17:05.00Z,30.7,64.0
2025-06-04T21:17:06.00Z,30.4,64.0
2025-06-04T21:17:07.00Z,30.4,64.0
2025-06-04T21:17:08.00Z,30.4,64.0
2025-06-04T21:17:09.00Z,30.5,64.0
2025-06-04T21:17:10.00Z,30.4,64.0
2025-06-04T21:17:11.00Z,30.3,64.0
2025-06-04T21:17:12.00Z,30.8,64.0
2025-06-04T21:17:13.00Z,30.5,64.0
2025-06-04T21:17:14.00Z,30.9,64.0
2025-06-04T21:17:15.00Z,30.3,64.0
2025-06-04T21:17:16.00Z,30.9,64.0
2025-06-04T21:17:17.00Z,30.1,64.0
2025-06-04T21:17:18.00Z,30.6,64.0
2025-06-04T21:17:19.00Z,30.3,64.0
2025-06-04T21:17:20.00Z,30.6,64.0
2025-06-04T21:17:21.00Z,30.1,64.0
2025-06-04T21:17:22.00Z,30.0,64.0
2025-06-04T21:17:23.00Z,30.2,64.0
2025-06-04T21:17:24.00Z,30.5,64.0
2025-06-04T21:17:25.00Z,30.2,64.0
2025-06-04T21:17:26.00Z,30.6,64.0
2025-06-04T21:17:27.00Z,30.9,64.0
2025-06-04T21:17:28.00Z,30.3,64.0
2025-06-04T21:17:29.00Z,30.5,64.0
2025-06-04T21:17:30.00Z,30.8,64.0
2025-06-04T21:17:31.00Z,30.2,64.0
2025-06-04T21:17:32.00Z,30.0,64.0
2025-06-04T21:17:33.00Z,30.4,64.0
2025-06-04T21:17:34.00Z,30.6,64.0
2025-06-04T21:17:35.00Z,30.0,64.0
2025-06-04T21:17:36.00Z,30.6,64.0
2025-06-04T21:17:37.00Z,30.7,64.0
2025-06-04T21:17:38.00Z,30.1,64.0
2025-06-04T21:17:39.00Z,30.9,64.0
2025-06-04T21:17:40.00Z,30.3,64.0
2025-06-04T21:17:41.00Z,30.7,64.0
2025-06-04T21:17:42.00Z,30.3,64.0
2025-06-04T21:17:43.00Z,30.5,64.0
2025-06-04T21:17:44.00Z,30.3,64.0
2025-06-04T21:17:45.00Z,30.7,64.0
2025-06-04T21:17:46.00Z,30.1,64.0
2025-06-04T21:17:47.00Z,30.6,64.0
2025-06-04T21:17:48.00Z,30.5,64.0
2025-06-04T21:17:49.00Z,30.3,64.0
2025-06-04T21:17:50.00Z,30.5,64.0
2025-06-04T21:17:51.00Z,30.2,64.0
2025-06-04T21:17:52.00Z,30.8,64.0
2025-06-04T21:17:53.00Z,30.3,64.0
2025-06-04T21:17:54.00Z,30.9,64.0
2025-06-04T21:17:55.00Z,30.5,64.0
2025-06-04T21:17:56.00Z,30.2,64.0
2025-06-04T21:17:57.00Z,30.2,64.0
2025-06-04T21:17:58.00Z,30.8,64.0
2025-06-04T21:17:59.00Z,30.6,64.0
2025-06-04T21:18:00.00Z,30.3,64.0
2025-06-04T21:18:01.00Z,30.2,64.0
2025-06-04T21:18:02.00Z,30.4,64.0
2025-06-04T21:18:03.00Z,30.5,64.0
2025-06-04T21:18:04.00Z,30.9,64.0
2025-06-04T21:18:05.00Z,30.1,64.0
2025-06-04T21:18:06.00Z,30.4,64.0
2025-06-04T21:18:07.00Z,30.3,64.0
2025-06-04T21:18:08.00Z,30.9,64.0
2025-06-04T21:18:09.00Z,30.9,64.0
2025-06-04T21:18:10.00Z,30.2,64.0
2025-06-04T21:18:11.00Z,30.1,64.0
2025-06-04T21:18:12.00Z,30.4,64.0
2025-06-04T21:18:13.00Z,30.1,64.0
2025-06-04T21:18:14.00Z,30.4,64.0
2025-06-04T21:18:15.00Z,30.5,64.0
2025-06-04T21:18:16.00Z,30.8,64.0
2025-06-04T21:18:17.00Z,30.5,64.0
2025-06-04T21:18:18.00Z,30.1,64.0
2025-06-04T21:18:19.00Z,30.2,64.0
2025-06-04T21:18:20.00Z,30.0,64.0
2025-06-04T21:18:21.00Z,30.9,64.0
2025-06-04T21:18:22.00Z,30.6,64.0
2025-06-04T21:18:23.00Z,30.6,64.0
2025-06-04T21:18:24.00Z,30.8,64.0
2025-06-04T21:18:25.00Z,30.9,64.0
2025-06-04T21:18:26.00Z,30.3,64.0
2025-06-04T21:18:27.00Z,30.9,64.0
2025-06-04T21:18:28.00Z,30.6,64.0
2025-06-04T21:18:29.00Z,30.8,64.0
2025-06-04T21:18:30.00Z,30.8,64.0
2025-06-04T21:18:31.00Z,30.3,64.0
2025-06-04T21:18:32.00Z,30.2,64.0
2025-06-04T21:18:33.00Z,30.6,64.0
2025-06-04T21:18:34.00Z,30.8,64.0
2025-06-04T21:18:35.00Z,30.7,64.0
2025-06-04T21:18:36.00Z,30.0,64.0
2025-06-04T21:18:37.00Z,30.9,64.0
2025-06-04T21:18:38.00Z,30.5,64.0
2025-06-04T21:18:39.00Z,30.5,64.0
2025-06-04T21:18:40.00Z,30.1,64.0
2025-06-04T21:18:41.00Z,30.6,64.0
2025-06-04T21:18:42.00Z,30.4,64.0
2025-06-04T21:18:43.00Z,30.0,64.0
2025-06-04T21:18:44.00Z,30.9,64.0
2025-06-04T21:18:45.00Z,30.9,64.0
2025-06-04T21:18:46.00Z,30.2,64.0
2025-06-04T21:18:47.00Z,30.8,64.0
2025-06-04T21:18:48.00Z,30.7,64.0
2025-06-04T21:18:49.00Z,30.2,64.0
2025-06-04T21:18:50.00Z,30.0,64.0
2025-06-04T21:18:51.00Z,30.2,64.0
2025-06-04T21:18:52.00Z,30.4,64.0
2025-06-04T21:18:53.00Z,30.1,64.0
2025-06-04T21:18:54.00Z,30.6,64.0
2025-06-04T21:18:55.00Z,30.4,64.0
2025-06-04T21:18:56.00Z,30.4,64.0
2025-06-04T21:18:57.00Z,30.6,64.0
2025-06-04T21:18:58.00Z,30.1,64.0
2025-06-04T21:18:59.00Z,30.3,64.0
2025-06-04T21:19:00.00Z,30.9,64.0
2025-06-04T21:19:01.00Z,30.3,64.0
2025-06-04T21:19:02.00Z,30.1,64.0
2025-06-04T21:19:03.00Z,30.0,64.0
2025-06-04T21:19:04.00Z,30.9,64.0
2025-06-04T21:19:05.00Z,30.8,64.0
2025-06-04T21:19:06.00Z,30.8,64.0
2025-06-04T21:19:07.00Z,30.9,64.0
2025-06-04T21:19:08.00Z,30.9,64.0
2025-06-04T21:19:09.00Z,30.1,64.0
2025-06-04T21:19:10.00Z,30.3,64.0
2025-06-04T21:19:11.00Z,30.6,64.0
2025-06-04T21:19:12.00Z,30.3,64.0
2025-06-04T21:19:13.00Z,30.9,64.0
2025-06-04T21:19:14.00Z,30.1,64.0
2025-06-04T21:19:15.00Z,30.7,64.0
2025-06-04T21:19:16.00Z,30.7,64.0
2025-06-04T21:19:17.00Z,30.0,64.0
2025-06-04T21:19:18.00Z,30.9,64.0
2025-06-04T21:19:19.00Z,30.9,64.0
2025-06-04T21:19:20.00Z,30.2,64.0
2025-06-04T21:19:21.00Z,30.3,64.0
2025-06-04T21:19:22.00Z,30.4,64.0
2025-06-04T21:19:23.00Z,30.0,64.0
2025-06-04T21:19:24.00Z,30.7,64.0
2025-06-04T21:19:25.00Z,30.8,64.0
2025-06-04T21:19:26.00Z,30.5,64.0
2025-06-04T21:19:27.00Z,30.5,64.0
2025-06-04T21:19:28.00Z,30.6,64.0
2025-06-04T21:19:29.00Z,30.5,64.0
2025-06-04T21:19:30.00Z,30.4,64.0
2025-06-04T21:19:31.00Z,30.3,64.0
2025-06-04T21:19:32.00Z,30.0,64.0
2025-06-04T21:19:33.00Z,30.6,64.0
2025-06-04T21:19:34.00Z,30.2,64.0
2025-06-04T21:19:35.00Z,30.4,64.0
2025-06-04T21:19:36.00Z,30.8,64.0
2025-06-04T21:19:37.00Z,30.8,64.0
2025-06-04T21:19:38.00Z,30.6,64.0
2025-06-04T21:19:39.00Z,30.7,64.0
2025-06-04T21:19:40.00Z,30.5,64.0
2025-06-04T21:19:41.00Z,30.2,64.0
2025-06-04T21:19:42.00Z,30.1,64.0
2025-06-04T21:19:43.00Z,30.3,64.0
2025-06-04T21:19:44.00Z,30.1,64.0
2025-06-04T21:19:45.00Z,30.2,64.0
2025-06-04T21:19:46.00Z,30.1,64.0
2025-06-04T21:19:47.00Z,30.5,64.0
2025-06-04T21:19:48.00Z,30.6,64.0
2025-06-04T21:19:49.00Z,30.1,64.0
2025-06-04T21:19:50.00Z,30.0,64.0
2025-06-04T21:19:51.00Z,30.2,64.0
2025-06-04T21:19:52.00Z,30.7,64.0
2025-06-04T21:19:53.00Z,30.0,64.0
2025-06-04T21:19:54.00Z,30.1,64.0
2025-06-04T21:19:55.00Z,30.8,64.0
2025-06-04T21:19:56.00Z,30.3,64.0
2025-06-04T21:19:57.00Z,30.3,64.0
2025-06-04T21:19:58.00Z,30.7,64.0
2025-06-04T21:19:59.00Z,30.9,64.0
2025-06-04T21:20:00.00Z,30.0,64.0
2025-06-04T21:20:01.00Z,30.9,64.0
2025-06-04T21:20:02.00Z,30.1,64.0
2025-06-04T21:20:03.00Z,30.3,64.0
2025-06-04T21:20:04.00Z,30.7,64.0
2025-06-04T21:20:05.00Z,30.7,64.0
2025-06-04T21:20:06.00Z,30.5,64.0
2025-06-04T21:20:07.00Z,30.2,64.0
2025-06-04T21:20:08.00Z,30.7,64.0
2025-06-04T21:20:09.00Z,30.1,64.0
2025-06-04T21:20:10.00Z,30.5,64.0
2025-06-04T21:20:11.00Z,30.5,64.0
2025-06-04T21:20:12.00Z,30.0,64.0
2025-06-04T21:20:13.00Z,30.3,64.0
2025-06-04T21:20:14.00Z,30.7,64.0
2025-06-04T21:20:15.00Z,30.2,64.0
2025-06-04T21:20:16.00Z,30.3,64.0
2025-06-04T21:20:17.00Z,30.6,64.0
2025-06-04T21:20:18.00Z,30.0,64.0
2025-06-04T21:20:19.00Z,30.4,64.0
2025-06-04T21:20:20.00Z,30.3,64.0
2025-06-04T21:20:21.00Z,30.4,64.0
2025-06-04T21:20:22.00Z,30.2,64.0
2025-06-04T21:20:23.00Z,30.8,64.0
2025-06-04T21:20:24.00Z,30.4,64.0
